rank,url,page_type,country,topic,primary_brand,secondary_brand,brand_count,brief_file,publish_status
1,/countries/united-states/best-prepared-meal-delivery-beginners/,country_modifier_guide,United States,prepared meals for beginners,Factor,CookUnity,154,001-prepared-meals-for-beginners.md,brief_only_not_published
2,/countries/united-states/best-prepared-meal-delivery-busy-professionals/,country_modifier_guide,United States,prepared meals for busy professionals,Factor,CookUnity,154,002-prepared-meals-for-busy-professionals.md,brief_only_not_published
3,/countries/united-states/best-prepared-meal-delivery-comparison-guide/,country_use_case_guide,United States,prepared meals,Factor,CookUnity,154,003-prepared-meals.md,brief_only_not_published
4,/countries/united-states/best-prepared-meal-delivery-couples/,country_modifier_guide,United States,prepared meals for couples,Factor,CookUnity,154,004-prepared-meals-for-couples.md,brief_only_not_published
5,/countries/united-states/best-prepared-meal-delivery-easy-cancellation/,country_modifier_guide,United States,prepared meals with the easiest cancellation,Factor,CookUnity,154,005-prepared-meals-with-the-easiest-cancellation.md,brief_only_not_published
6,/countries/united-states/best-prepared-meal-delivery-families/,country_modifier_guide,United States,prepared meals for families,Factor,CookUnity,154,006-prepared-meals-for-families.md,brief_only_not_published
7,/countries/united-states/best-prepared-meal-delivery-fitness/,country_modifier_guide,United States,prepared meals for fitness,Factor,CookUnity,154,007-prepared-meals-for-fitness.md,brief_only_not_published
8,/countries/united-states/best-prepared-meal-delivery-no-cooking/,country_modifier_guide,United States,prepared meals with no cooking,Factor,CookUnity,154,008-prepared-meals-with-no-cooking.md,brief_only_not_published
9,/countries/united-states/best-prepared-meal-delivery-one-person/,country_modifier_guide,United States,prepared meals for one person,Factor,CookUnity,154,009-prepared-meals-for-one-person.md,brief_only_not_published
10,/countries/united-states/best-prepared-meal-delivery-picky-eaters/,country_modifier_guide,United States,prepared meals for picky eaters,Factor,CookUnity,154,010-prepared-meals-for-picky-eaters.md,brief_only_not_published
11,/countries/united-states/best-prepared-meal-delivery-seniors/,country_modifier_guide,United States,prepared meals for seniors,Factor,CookUnity,154,011-prepared-meals-for-seniors.md,brief_only_not_published
12,/countries/united-states/best-prepared-meal-delivery-students/,country_modifier_guide,United States,prepared meals for students,Factor,CookUnity,154,012-prepared-meals-for-students.md,brief_only_not_published
13,/countries/united-states/best-prepared-meal-delivery-weight-loss/,country_modifier_guide,United States,prepared meals for weight loss,Factor,CookUnity,154,013-prepared-meals-for-weight-loss.md,brief_only_not_published
14,/countries/united-kingdom/best-prepared-meal-delivery-beginners/,country_modifier_guide,United Kingdom,prepared meals for beginners,Frive,Lions Prep,66,014-prepared-meals-for-beginners.md,brief_only_not_published
15,/countries/united-kingdom/best-prepared-meal-delivery-busy-professionals/,country_modifier_guide,United Kingdom,prepared meals for busy professionals,Frive,Lions Prep,66,015-prepared-meals-for-busy-professionals.md,brief_only_not_published
16,/countries/united-kingdom/best-prepared-meal-delivery-comparison-guide/,country_use_case_guide,United Kingdom,prepared meals,Frive,Lions Prep,66,016-prepared-meals.md,brief_only_not_published
17,/countries/united-kingdom/best-prepared-meal-delivery-couples/,country_modifier_guide,United Kingdom,prepared meals for couples,Frive,Lions Prep,66,017-prepared-meals-for-couples.md,brief_only_not_published
18,/countries/united-kingdom/best-prepared-meal-delivery-easy-cancellation/,country_modifier_guide,United Kingdom,prepared meals with the easiest cancellation,Frive,Lions Prep,66,018-prepared-meals-with-the-easiest-cancellation.md,brief_only_not_published
19,/countries/united-kingdom/best-prepared-meal-delivery-families/,country_modifier_guide,United Kingdom,prepared meals for families,Frive,Lions Prep,66,019-prepared-meals-for-families.md,brief_only_not_published
20,/countries/united-kingdom/best-prepared-meal-delivery-fitness/,country_modifier_guide,United Kingdom,prepared meals for fitness,Frive,Lions Prep,66,020-prepared-meals-for-fitness.md,brief_only_not_published
21,/countries/united-kingdom/best-prepared-meal-delivery-no-cooking/,country_modifier_guide,United Kingdom,prepared meals with no cooking,Frive,Lions Prep,66,021-prepared-meals-with-no-cooking.md,brief_only_not_published
22,/countries/united-kingdom/best-prepared-meal-delivery-one-person/,country_modifier_guide,United Kingdom,prepared meals for one person,Frive,Lions Prep,66,022-prepared-meals-for-one-person.md,brief_only_not_published
23,/countries/united-kingdom/best-prepared-meal-delivery-picky-eaters/,country_modifier_guide,United Kingdom,prepared meals for picky eaters,Frive,Lions Prep,66,023-prepared-meals-for-picky-eaters.md,brief_only_not_published
24,/countries/united-kingdom/best-prepared-meal-delivery-seniors/,country_modifier_guide,United Kingdom,prepared meals for seniors,Frive,Lions Prep,66,024-prepared-meals-for-seniors.md,brief_only_not_published
25,/countries/united-kingdom/best-prepared-meal-delivery-students/,country_modifier_guide,United Kingdom,prepared meals for students,Frive,Lions Prep,66,025-prepared-meals-for-students.md,brief_only_not_published
26,/countries/united-kingdom/best-prepared-meal-delivery-weight-loss/,country_modifier_guide,United Kingdom,prepared meals for weight loss,Frive,Lions Prep,66,026-prepared-meals-for-weight-loss.md,brief_only_not_published
27,/countries/australia/best-prepared-meal-delivery-beginners/,country_modifier_guide,Australia,prepared meals for beginners,Youfoodz,My Muscle Chef,59,027-prepared-meals-for-beginners.md,brief_only_not_published
28,/countries/australia/best-prepared-meal-delivery-busy-professionals/,country_modifier_guide,Australia,prepared meals for busy professionals,Youfoodz,My Muscle Chef,59,028-prepared-meals-for-busy-professionals.md,brief_only_not_published
29,/countries/australia/best-prepared-meal-delivery-comparison-guide/,country_use_case_guide,Australia,prepared meals,Youfoodz,My Muscle Chef,59,029-prepared-meals.md,brief_only_not_published
30,/countries/australia/best-prepared-meal-delivery-couples/,country_modifier_guide,Australia,prepared meals for couples,Youfoodz,My Muscle Chef,59,030-prepared-meals-for-couples.md,brief_only_not_published
31,/countries/australia/best-prepared-meal-delivery-easy-cancellation/,country_modifier_guide,Australia,prepared meals with the easiest cancellation,Youfoodz,My Muscle Chef,59,031-prepared-meals-with-the-easiest-cancellation.md,brief_only_not_published
32,/countries/australia/best-prepared-meal-delivery-families/,country_modifier_guide,Australia,prepared meals for families,Youfoodz,My Muscle Chef,59,032-prepared-meals-for-families.md,brief_only_not_published
33,/countries/australia/best-prepared-meal-delivery-fitness/,country_modifier_guide,Australia,prepared meals for fitness,Youfoodz,My Muscle Chef,59,033-prepared-meals-for-fitness.md,brief_only_not_published
34,/countries/australia/best-prepared-meal-delivery-no-cooking/,country_modifier_guide,Australia,prepared meals with no cooking,Youfoodz,My Muscle Chef,59,034-prepared-meals-with-no-cooking.md,brief_only_not_published
35,/countries/australia/best-prepared-meal-delivery-one-person/,country_modifier_guide,Australia,prepared meals for one person,Youfoodz,My Muscle Chef,59,035-prepared-meals-for-one-person.md,brief_only_not_published
36,/countries/australia/best-prepared-meal-delivery-picky-eaters/,country_modifier_guide,Australia,prepared meals for picky eaters,Youfoodz,My Muscle Chef,59,036-prepared-meals-for-picky-eaters.md,brief_only_not_published
37,/countries/australia/best-prepared-meal-delivery-seniors/,country_modifier_guide,Australia,prepared meals for seniors,Youfoodz,My Muscle Chef,59,037-prepared-meals-for-seniors.md,brief_only_not_published
38,/countries/australia/best-prepared-meal-delivery-students/,country_modifier_guide,Australia,prepared meals for students,Youfoodz,My Muscle Chef,59,038-prepared-meals-for-students.md,brief_only_not_published
39,/countries/australia/best-prepared-meal-delivery-weight-loss/,country_modifier_guide,Australia,prepared meals for weight loss,Youfoodz,My Muscle Chef,59,039-prepared-meals-for-weight-loss.md,brief_only_not_published
40,/countries/canada/best-prepared-meal-delivery-beginners/,country_modifier_guide,Canada,prepared meals for beginners,Factor Canada,Fresh Prep,54,040-prepared-meals-for-beginners.md,brief_only_not_published
41,/countries/canada/best-prepared-meal-delivery-busy-professionals/,country_modifier_guide,Canada,prepared meals for busy professionals,Factor Canada,Fresh Prep,54,041-prepared-meals-for-busy-professionals.md,brief_only_not_published
42,/countries/canada/best-prepared-meal-delivery-comparison-guide/,country_use_case_guide,Canada,prepared meals,Factor Canada,Fresh Prep,54,042-prepared-meals.md,brief_only_not_published
43,/countries/canada/best-prepared-meal-delivery-couples/,country_modifier_guide,Canada,prepared meals for couples,Factor Canada,Fresh Prep,54,043-prepared-meals-for-couples.md,brief_only_not_published
44,/countries/canada/best-prepared-meal-delivery-easy-cancellation/,country_modifier_guide,Canada,prepared meals with the easiest cancellation,Factor Canada,Fresh Prep,54,044-prepared-meals-with-the-easiest-cancellation.md,brief_only_not_published
45,/countries/canada/best-prepared-meal-delivery-families/,country_modifier_guide,Canada,prepared meals for families,Factor Canada,Fresh Prep,54,045-prepared-meals-for-families.md,brief_only_not_published
46,/countries/canada/best-prepared-meal-delivery-fitness/,country_modifier_guide,Canada,prepared meals for fitness,Factor Canada,Fresh Prep,54,046-prepared-meals-for-fitness.md,brief_only_not_published
47,/countries/canada/best-prepared-meal-delivery-no-cooking/,country_modifier_guide,Canada,prepared meals with no cooking,Factor Canada,Fresh Prep,54,047-prepared-meals-with-no-cooking.md,brief_only_not_published
48,/countries/canada/best-prepared-meal-delivery-one-person/,country_modifier_guide,Canada,prepared meals for one person,Factor Canada,Fresh Prep,54,048-prepared-meals-for-one-person.md,brief_only_not_published
49,/countries/canada/best-prepared-meal-delivery-picky-eaters/,country_modifier_guide,Canada,prepared meals for picky eaters,Factor Canada,Fresh Prep,54,049-prepared-meals-for-picky-eaters.md,brief_only_not_published
50,/countries/canada/best-prepared-meal-delivery-seniors/,country_modifier_guide,Canada,prepared meals for seniors,Factor Canada,Fresh Prep,54,050-prepared-meals-for-seniors.md,brief_only_not_published
51,/countries/canada/best-prepared-meal-delivery-students/,country_modifier_guide,Canada,prepared meals for students,Factor Canada,Fresh Prep,54,051-prepared-meals-for-students.md,brief_only_not_published
52,/countries/canada/best-prepared-meal-delivery-weight-loss/,country_modifier_guide,Canada,prepared meals for weight loss,Factor Canada,Fresh Prep,54,052-prepared-meals-for-weight-loss.md,brief_only_not_published
53,/countries/ireland/best-prepared-meal-delivery-beginners/,country_modifier_guide,Ireland,prepared meals for beginners,DropChef,Clean Cut Meals,30,053-prepared-meals-for-beginners.md,brief_only_not_published
54,/countries/ireland/best-prepared-meal-delivery-busy-professionals/,country_modifier_guide,Ireland,prepared meals for busy professionals,DropChef,Clean Cut Meals,30,054-prepared-meals-for-busy-professionals.md,brief_only_not_published
55,/countries/ireland/best-prepared-meal-delivery-comparison-guide/,country_use_case_guide,Ireland,prepared meals,DropChef,Clean Cut Meals,30,055-prepared-meals.md,brief_only_not_published
56,/countries/ireland/best-prepared-meal-delivery-couples/,country_modifier_guide,Ireland,prepared meals for couples,DropChef,Clean Cut Meals,30,056-prepared-meals-for-couples.md,brief_only_not_published
57,/countries/ireland/best-prepared-meal-delivery-easy-cancellation/,country_modifier_guide,Ireland,prepared meals with the easiest cancellation,DropChef,Clean Cut Meals,30,057-prepared-meals-with-the-easiest-cancellation.md,brief_only_not_published
58,/countries/ireland/best-prepared-meal-delivery-families/,country_modifier_guide,Ireland,prepared meals for families,DropChef,Clean Cut Meals,30,058-prepared-meals-for-families.md,brief_only_not_published
59,/countries/ireland/best-prepared-meal-delivery-fitness/,country_modifier_guide,Ireland,prepared meals for fitness,DropChef,Clean Cut Meals,30,059-prepared-meals-for-fitness.md,brief_only_not_published
60,/countries/ireland/best-prepared-meal-delivery-no-cooking/,country_modifier_guide,Ireland,prepared meals with no cooking,DropChef,Clean Cut Meals,30,060-prepared-meals-with-no-cooking.md,brief_only_not_published
61,/countries/ireland/best-prepared-meal-delivery-one-person/,country_modifier_guide,Ireland,prepared meals for one person,DropChef,Clean Cut Meals,30,061-prepared-meals-for-one-person.md,brief_only_not_published
62,/countries/ireland/best-prepared-meal-delivery-picky-eaters/,country_modifier_guide,Ireland,prepared meals for picky eaters,DropChef,Clean Cut Meals,30,062-prepared-meals-for-picky-eaters.md,brief_only_not_published
63,/countries/ireland/best-prepared-meal-delivery-seniors/,country_modifier_guide,Ireland,prepared meals for seniors,DropChef,Clean Cut Meals,30,063-prepared-meals-for-seniors.md,brief_only_not_published
64,/countries/ireland/best-prepared-meal-delivery-students/,country_modifier_guide,Ireland,prepared meals for students,DropChef,Clean Cut Meals,30,064-prepared-meals-for-students.md,brief_only_not_published
65,/countries/ireland/best-prepared-meal-delivery-weight-loss/,country_modifier_guide,Ireland,prepared meals for weight loss,DropChef,Clean Cut Meals,30,065-prepared-meals-for-weight-loss.md,brief_only_not_published
66,/countries/united-states/best-grocery-dinner-delivery-beginners/,country_modifier_guide,United States,grocery dinner delivery for beginners,Hungryroot,Omsom,20,066-grocery-dinner-delivery-for-beginners.md,brief_only_not_published
67,/countries/united-states/best-grocery-dinner-delivery-busy-professionals/,country_modifier_guide,United States,grocery dinner delivery for busy professionals,Hungryroot,Omsom,20,067-grocery-dinner-delivery-for-busy-professionals.md,brief_only_not_published
68,/countries/united-states/best-grocery-dinner-delivery-comparison-guide/,country_use_case_guide,United States,grocery dinner delivery,Hungryroot,Omsom,20,068-grocery-dinner-delivery.md,brief_only_not_published
69,/countries/united-states/best-grocery-dinner-delivery-couples/,country_modifier_guide,United States,grocery dinner delivery for couples,Hungryroot,Omsom,20,069-grocery-dinner-delivery-for-couples.md,brief_only_not_published
70,/countries/united-states/best-grocery-dinner-delivery-easy-cancellation/,country_modifier_guide,United States,grocery dinner delivery with the easiest cancellation,Hungryroot,Omsom,20,070-grocery-dinner-delivery-with-the-easiest-cancellation.md,brief_only_not_published
71,/countries/united-states/best-grocery-dinner-delivery-families/,country_modifier_guide,United States,grocery dinner delivery for families,Hungryroot,Omsom,20,071-grocery-dinner-delivery-for-families.md,brief_only_not_published
72,/countries/united-states/best-grocery-dinner-delivery-fitness/,country_modifier_guide,United States,grocery dinner delivery for fitness,Hungryroot,Omsom,20,072-grocery-dinner-delivery-for-fitness.md,brief_only_not_published
73,/countries/united-states/best-grocery-dinner-delivery-no-cooking/,country_modifier_guide,United States,grocery dinner delivery with no cooking,Hungryroot,Omsom,20,073-grocery-dinner-delivery-with-no-cooking.md,brief_only_not_published
74,/countries/united-states/best-grocery-dinner-delivery-one-person/,country_modifier_guide,United States,grocery dinner delivery for one person,Hungryroot,Omsom,20,074-grocery-dinner-delivery-for-one-person.md,brief_only_not_published
75,/countries/united-states/best-grocery-dinner-delivery-picky-eaters/,country_modifier_guide,United States,grocery dinner delivery for picky eaters,Hungryroot,Omsom,20,075-grocery-dinner-delivery-for-picky-eaters.md,brief_only_not_published
76,/countries/united-states/best-grocery-dinner-delivery-seniors/,country_modifier_guide,United States,grocery dinner delivery for seniors,Hungryroot,Omsom,20,076-grocery-dinner-delivery-for-seniors.md,brief_only_not_published
77,/countries/united-states/best-grocery-dinner-delivery-students/,country_modifier_guide,United States,grocery dinner delivery for students,Hungryroot,Omsom,20,077-grocery-dinner-delivery-for-students.md,brief_only_not_published
78,/countries/united-states/best-grocery-dinner-delivery-weight-loss/,country_modifier_guide,United States,grocery dinner delivery for weight loss,Hungryroot,Omsom,20,078-grocery-dinner-delivery-for-weight-loss.md,brief_only_not_published
79,/countries/united-states/best-frozen-meal-delivery-beginners/,country_modifier_guide,United States,frozen meals for beginners,Daily Harvest,Mosaic Foods,18,079-frozen-meals-for-beginners.md,brief_only_not_published
80,/countries/united-states/best-frozen-meal-delivery-busy-professionals/,country_modifier_guide,United States,frozen meals for busy professionals,Daily Harvest,Mosaic Foods,18,080-frozen-meals-for-busy-professionals.md,brief_only_not_published
81,/countries/united-states/best-frozen-meal-delivery-comparison-guide/,country_use_case_guide,United States,frozen meals,Daily Harvest,Mosaic Foods,18,081-frozen-meals.md,brief_only_not_published
82,/countries/united-states/best-frozen-meal-delivery-couples/,country_modifier_guide,United States,frozen meals for couples,Daily Harvest,Mosaic Foods,18,082-frozen-meals-for-couples.md,brief_only_not_published
83,/countries/united-states/best-frozen-meal-delivery-easy-cancellation/,country_modifier_guide,United States,frozen meals with the easiest cancellation,Daily Harvest,Mosaic Foods,18,083-frozen-meals-with-the-easiest-cancellation.md,brief_only_not_published
84,/countries/united-states/best-frozen-meal-delivery-families/,country_modifier_guide,United States,frozen meals for families,Daily Harvest,Mosaic Foods,18,084-frozen-meals-for-families.md,brief_only_not_published
85,/countries/united-states/best-frozen-meal-delivery-fitness/,country_modifier_guide,United States,frozen meals for fitness,Daily Harvest,Mosaic Foods,18,085-frozen-meals-for-fitness.md,brief_only_not_published
86,/countries/united-states/best-frozen-meal-delivery-no-cooking/,country_modifier_guide,United States,frozen meals with no cooking,Daily Harvest,Mosaic Foods,18,086-frozen-meals-with-no-cooking.md,brief_only_not_published
87,/countries/united-states/best-frozen-meal-delivery-one-person/,country_modifier_guide,United States,frozen meals for one person,Daily Harvest,Mosaic Foods,18,087-frozen-meals-for-one-person.md,brief_only_not_published
88,/countries/united-states/best-frozen-meal-delivery-picky-eaters/,country_modifier_guide,United States,frozen meals for picky eaters,Daily Harvest,Mosaic Foods,18,088-frozen-meals-for-picky-eaters.md,brief_only_not_published
89,/countries/united-states/best-frozen-meal-delivery-seniors/,country_modifier_guide,United States,frozen meals for seniors,Daily Harvest,Mosaic Foods,18,089-frozen-meals-for-seniors.md,brief_only_not_published
90,/countries/united-states/best-frozen-meal-delivery-students/,country_modifier_guide,United States,frozen meals for students,Daily Harvest,Mosaic Foods,18,090-frozen-meals-for-students.md,brief_only_not_published
91,/countries/united-states/best-frozen-meal-delivery-weight-loss/,country_modifier_guide,United States,frozen meals for weight loss,Daily Harvest,Mosaic Foods,18,091-frozen-meals-for-weight-loss.md,brief_only_not_published
92,/countries/uae/best-prepared-meal-delivery-beginners/,country_modifier_guide,UAE,prepared meals for beginners,Right Bite,Kcal Life,14,092-prepared-meals-for-beginners.md,brief_only_not_published
93,/countries/uae/best-prepared-meal-delivery-busy-professionals/,country_modifier_guide,UAE,prepared meals for busy professionals,Right Bite,Kcal Life,14,093-prepared-meals-for-busy-professionals.md,brief_only_not_published
94,/countries/uae/best-prepared-meal-delivery-comparison-guide/,country_use_case_guide,UAE,prepared meals,Right Bite,Kcal Life,14,094-prepared-meals.md,brief_only_not_published
95,/countries/uae/best-prepared-meal-delivery-couples/,country_modifier_guide,UAE,prepared meals for couples,Right Bite,Kcal Life,14,095-prepared-meals-for-couples.md,brief_only_not_published
96,/countries/uae/best-prepared-meal-delivery-easy-cancellation/,country_modifier_guide,UAE,prepared meals with the easiest cancellation,Right Bite,Kcal Life,14,096-prepared-meals-with-the-easiest-cancellation.md,brief_only_not_published
97,/countries/uae/best-prepared-meal-delivery-families/,country_modifier_guide,UAE,prepared meals for families,Right Bite,Kcal Life,14,097-prepared-meals-for-families.md,brief_only_not_published
98,/countries/uae/best-prepared-meal-delivery-fitness/,country_modifier_guide,UAE,prepared meals for fitness,Right Bite,Kcal Life,14,098-prepared-meals-for-fitness.md,brief_only_not_published
99,/countries/uae/best-prepared-meal-delivery-no-cooking/,country_modifier_guide,UAE,prepared meals with no cooking,Right Bite,Kcal Life,14,099-prepared-meals-with-no-cooking.md,brief_only_not_published
100,/countries/uae/best-prepared-meal-delivery-one-person/,country_modifier_guide,UAE,prepared meals for one person,Right Bite,Kcal Life,14,100-prepared-meals-for-one-person.md,brief_only_not_published
