scope,country,country_slug,use_case,page_slug,url,brand_count,lead_brands,intent,status
global,Global,global,cheap meal delivery,best-cheap-meal-delivery,/best/best-cheap-meal-delivery/,19,Chefs Plate | EveryPlate | Dinnerly | Clean Eatz Kitchen | Bargain Box | Delicut,Budget-conscious shoppers comparing cost and first-box deals,generated
global,Global,global,diet meal delivery,best-diet-meal-delivery,/best/best-diet-meal-delivery/,202,Right Bite | Nutrition Kitchen | Food Darzee | Fitfood | MenuDiet | Green Chef UK,People with a diet goal or nutrition constraint,generated
global,Global,global,family meal delivery,best-family-meal-delivery,/best/best-family-meal-delivery/,182,Linas Matkasse | Frozen For You | EveryPlate | Dinnerly | Tempo by Home Chef | Hungryroot,Parents and households that need easier weeknight dinners,generated
global,Global,global,frozen meal delivery,best-frozen-meal-delivery,/best/best-frozen-meal-delivery/,101,Frozen For You | Mosaic Foods | Eatto | The Dinner Ladies | Jess's Underground Kitchen | DinDins,People who want freezer-ready backup meals,generated
global,Global,global,grocery dinner delivery,best-grocery-dinner-delivery,/best/best-grocery-dinner-delivery/,160,Marley Spoon | HelloFresh | Gousto | Aarstiderne | Godtlevert | Foodbag,People comparing grocery-led dinner planning and recipe boxes,generated
global,Global,global,healthy meal delivery,best-healthy-meal-delivery,/best/best-healthy-meal-delivery/,525,HelloFresh | Marley Spoon | HelloFresh UK | HelloFresh Australia | HelloFresh Canada | Chefs Plate,"People looking for balanced, fresher, healthier convenience meals",generated
global,Global,global,high-protein meal prep,best-high-protein-meal-prep,/best/best-high-protein-meal-prep/,367,Factor | Gourmet Fuel | Calo | Nutrition Kitchen | Food Darzee | Fitfood,"Gym-goers, busy professionals, and macro-focused shoppers",generated
global,Global,global,meal kits,best-meal-kits,/best/best-meal-kits/,117,HelloFresh | Marley Spoon | HelloFresh UK | Gousto | HelloFresh Australia | HelloFresh Canada,People who want ingredients and recipes delivered,generated
global,Global,global,prepared meal delivery,best-prepared-meal-delivery,/best/best-prepared-meal-delivery/,710,Factor | CookUnity | Gourmet Fuel | Fitfood | Wetaca | Nutribees,People who want dinner without cooking,generated
global,Global,global,vegetarian meal delivery,best-vegetarian-meal-delivery,/best/best-vegetarian-meal-delivery/,70,Food Darzee | Green Chef UK | Mosaic Foods | Planthood | Soulara | LiveFit Foods,"Vegetarian, vegan, flexitarian, and plant-based shoppers",generated
global,Global,global,weight-loss meal delivery,best-weight-loss-meal-delivery,/best/best-weight-loss-meal-delivery/,209,Gourmet Fuel | Right Bite | UCOOK | Food Darzee | Fitfood | MenuDiet,People comparing calorie-controlled plans,generated
country,Argentina,argentina,prepared meal delivery,best-prepared-meal-delivery,/countries/argentina/best-prepared-meal-delivery/,2,Frizata | Viandas Cook,People who want dinner without cooking,generated
country,Australia,australia,cheap meal delivery,best-cheap-meal-delivery,/countries/australia/best-cheap-meal-delivery/,2,Dinnerly Australia | EveryPlate Australia,Budget-conscious shoppers comparing cost and first-box deals,generated
country,Australia,australia,diet meal delivery,best-diet-meal-delivery,/countries/australia/best-diet-meal-delivery/,8,Tender Loving Cuisine | Be Fit Food | Lite n' Easy | Dietlicious | Foober | A Life Plus,People with a diet goal or nutrition constraint,generated
country,Australia,australia,family meal delivery,best-family-meal-delivery,/countries/australia/best-family-meal-delivery/,9,The Dinner Ladies | Dineamic | Delidoor | Gourmet Dinner Service | Dinnerly Australia | Dinner Twist,Parents and households that need easier weeknight dinners,generated
country,Australia,australia,frozen meal delivery,best-frozen-meal-delivery,/countries/australia/best-frozen-meal-delivery/,4,The Dinner Ladies | Delidoor | Core Powerfoods | Gourmet Meals,People who want freezer-ready backup meals,generated
country,Australia,australia,grocery dinner delivery,best-grocery-dinner-delivery,/countries/australia/best-grocery-dinner-delivery/,6,ChefPrep | Garden of Vegan | Core Powerfoods | Marley Spoon Australia | HelloFresh Market Australia | Marley Spoon Market Australia,People comparing grocery-led dinner planning and recipe boxes,generated
country,Australia,australia,healthy meal delivery,best-healthy-meal-delivery,/countries/australia/best-healthy-meal-delivery/,30,HelloFresh Australia | My Muscle Chef | Chefgood | Macros | Tender Loving Cuisine | Nourish'd,"People looking for balanced, fresher, healthier convenience meals",generated
country,Australia,australia,high-protein meal prep,best-high-protein-meal-prep,/countries/australia/best-high-protein-meal-prep/,44,My Muscle Chef | Macros | THR1VE | Workout Meals | Core Powerfoods | Muscle Meals Direct,"Gym-goers, busy professionals, and macro-focused shoppers",generated
country,Australia,australia,meal kits,best-meal-kits,/countries/australia/best-meal-kits/,10,HelloFresh Australia | Marley Spoon Australia | Dinnerly Australia | EveryPlate Australia | Pepper Leaf | QuiteLike,People who want ingredients and recipes delivered,generated
country,Australia,australia,prepared meal delivery,best-prepared-meal-delivery,/countries/australia/best-prepared-meal-delivery/,61,Youfoodz | My Muscle Chef | Chefgood | Soulara | The Dinner Ladies | Macros,People who want dinner without cooking,generated
country,Australia,australia,vegetarian meal delivery,best-vegetarian-meal-delivery,/countries/australia/best-vegetarian-meal-delivery/,5,Soulara | Garden of Vegan | Vegan Meals Australia | Plant Based Meals Australia | Soulara Active,"Vegetarian, vegan, flexitarian, and plant-based shoppers",generated
country,Australia,australia,weight-loss meal delivery,best-weight-loss-meal-delivery,/countries/australia/best-weight-loss-meal-delivery/,9,Macros | Tender Loving Cuisine | Be Fit Food | Lite n' Easy | Dietlicious | Foober,People comparing calorie-controlled plans,generated
country,Austria,austria,grocery dinner delivery,best-grocery-dinner-delivery,/countries/austria/best-grocery-dinner-delivery/,2,HelloFresh | Marley Spoon,People comparing grocery-led dinner planning and recipe boxes,generated
country,Austria,austria,healthy meal delivery,best-healthy-meal-delivery,/countries/austria/best-healthy-meal-delivery/,4,HelloFresh | Marley Spoon | prepmymeal | Löwenanteil,"People looking for balanced, fresher, healthier convenience meals",generated
country,Austria,austria,high-protein meal prep,best-high-protein-meal-prep,/countries/austria/best-high-protein-meal-prep/,2,prepmymeal | Löwenanteil,"Gym-goers, busy professionals, and macro-focused shoppers",generated
country,Austria,austria,meal kits,best-meal-kits,/countries/austria/best-meal-kits/,2,HelloFresh | Marley Spoon,People who want ingredients and recipes delivered,generated
country,Austria,austria,prepared meal delivery,best-prepared-meal-delivery,/countries/austria/best-prepared-meal-delivery/,2,prepmymeal | Löwenanteil,People who want dinner without cooking,generated
country,Bahrain,bahrain,healthy meal delivery,best-healthy-meal-delivery,/countries/bahrain/best-healthy-meal-delivery/,2,Right Calories Bahrain | Honestly Foods,"People looking for balanced, fresher, healthier convenience meals",generated
country,Bahrain,bahrain,prepared meal delivery,best-prepared-meal-delivery,/countries/bahrain/best-prepared-meal-delivery/,3,Right Calories Bahrain | Honestly Foods | Calo Bahrain,People who want dinner without cooking,generated
country,Belgium,belgium,grocery dinner delivery,best-grocery-dinner-delivery,/countries/belgium/best-grocery-dinner-delivery/,6,HelloFresh | Marley Spoon | Foodbag | Smartmat | 15gram | Simply You Box,People comparing grocery-led dinner planning and recipe boxes,generated
country,Belgium,belgium,healthy meal delivery,best-healthy-meal-delivery,/countries/belgium/best-healthy-meal-delivery/,5,HelloFresh | Factor | Foodbag | Foodmaker | Oh My Guts,"People looking for balanced, fresher, healthier convenience meals",generated
country,Belgium,belgium,meal kits,best-meal-kits,/countries/belgium/best-meal-kits/,6,HelloFresh | Marley Spoon | Foodbag | Smartmat | 15gram | Simply You Box,People who want ingredients and recipes delivered,generated
country,Belgium,belgium,prepared meal delivery,best-prepared-meal-delivery,/countries/belgium/best-prepared-meal-delivery/,5,Factor | Foodbag | Foodmaker | Oh My Guts | Simply You Box,People who want dinner without cooking,generated
country,Brazil,brazil,diet meal delivery,best-diet-meal-delivery,/countries/brazil/best-diet-meal-delivery/,2,Pronto Light | Keep Light,People with a diet goal or nutrition constraint,generated
country,Brazil,brazil,family meal delivery,best-family-meal-delivery,/countries/brazil/best-family-meal-delivery/,4,Beleaf | Chef Bob | Green Table | Congelados da Sônia,Parents and households that need easier weeknight dinners,generated
country,Brazil,brazil,frozen meal delivery,best-frozen-meal-delivery,/countries/brazil/best-frozen-meal-delivery/,6,Liv Up | Beleaf | Pronto Light | Chef Bob | Green Table | Congelados da Sônia,People who want freezer-ready backup meals,generated
country,Brazil,brazil,healthy meal delivery,best-healthy-meal-delivery,/countries/brazil/best-healthy-meal-delivery/,6,Liv Up | Beleaf | Pronto Light | Keep Light | Green Table | Marmita Fitness Brasil,"People looking for balanced, fresher, healthier convenience meals",generated
country,Brazil,brazil,prepared meal delivery,best-prepared-meal-delivery,/countries/brazil/best-prepared-meal-delivery/,8,Liv Up | Beleaf | Pronto Light | Keep Light | Chef Bob | Green Table,People who want dinner without cooking,generated
country,Brazil,brazil,weight-loss meal delivery,best-weight-loss-meal-delivery,/countries/brazil/best-weight-loss-meal-delivery/,2,Pronto Light | Keep Light,People comparing calorie-controlled plans,generated
country,Canada,canada,diet meal delivery,best-diet-meal-delivery,/countries/canada/best-diet-meal-delivery/,5,LiveFit Foods | Athlete's Kitchen | OTR Meals | Ever Gourmet | One Life Meals,People with a diet goal or nutrition constraint,generated
country,Canada,canada,family meal delivery,best-family-meal-delivery,/countries/canada/best-family-meal-delivery/,8,Goodfood | Cook it | Yumba | Plant Prepped | M&M Food Market | Chef's Plate,Parents and households that need easier weeknight dinners,generated
country,Canada,canada,frozen meal delivery,best-frozen-meal-delivery,/countries/canada/best-frozen-meal-delivery/,6,Heart to Home Meals | Spatula Foods | Heart to Home Meals Ontario | Heart to Home Meals Alberta | M&M Food Market | SupperWorks Meals for One,People who want freezer-ready backup meals,generated
country,Canada,canada,grocery dinner delivery,best-grocery-dinner-delivery,/countries/canada/best-grocery-dinner-delivery/,9,Goodfood | Cook it | M&M Food Market | Chef's Plate | Mama Earth | Spud,People comparing grocery-led dinner planning and recipe boxes,generated
country,Canada,canada,healthy meal delivery,best-healthy-meal-delivery,/countries/canada/best-healthy-meal-delivery/,35,HelloFresh Canada | Chefs Plate | Factor Canada | Goodfood | LiveFit Foods | Power Kitchen,"People looking for balanced, fresher, healthier convenience meals",generated
country,Canada,canada,high-protein meal prep,best-high-protein-meal-prep,/countries/canada/best-high-protein-meal-prep/,40,Factor Canada | LiveFit Foods | Power Kitchen | Athlete's Kitchen | Protein Chefs | Fit Kitchen Canada,"Gym-goers, busy professionals, and macro-focused shoppers",generated
country,Canada,canada,meal kits,best-meal-kits,/countries/canada/best-meal-kits/,12,HelloFresh Canada | Chefs Plate | Goodfood | Cook it | Fresh Prep | Plant Prepped,People who want ingredients and recipes delivered,generated
country,Canada,canada,prepared meal delivery,best-prepared-meal-delivery,/countries/canada/best-prepared-meal-delivery/,60,Factor Canada | Factor Meals Canada | Cook it | WeCook | LiveFit Foods | Power Kitchen,People who want dinner without cooking,generated
country,Canada,canada,vegetarian meal delivery,best-vegetarian-meal-delivery,/countries/canada/best-vegetarian-meal-delivery/,4,LiveFit Foods | Plant Prepped | Ever Gourmet | Vegan Meal Prep Canada,"Vegetarian, vegan, flexitarian, and plant-based shoppers",generated
country,Canada,canada,weight-loss meal delivery,best-weight-loss-meal-delivery,/countries/canada/best-weight-loss-meal-delivery/,5,LiveFit Foods | Athlete's Kitchen | Ever Gourmet | Chef's Plate | One Life Meals,People comparing calorie-controlled plans,generated
country,Chile,chile,diet meal delivery,best-diet-meal-delivery,/countries/chile/best-diet-meal-delivery/,3,FitFood Chile | Plan Nutritivo | La Specialite,People with a diet goal or nutrition constraint,generated
country,Chile,chile,healthy meal delivery,best-healthy-meal-delivery,/countries/chile/best-healthy-meal-delivery/,4,FitFood Chile | MyWay | Plan Nutritivo | La Specialite,"People looking for balanced, fresher, healthier convenience meals",generated
country,Chile,chile,prepared meal delivery,best-prepared-meal-delivery,/countries/chile/best-prepared-meal-delivery/,4,FitFood Chile | MyWay | Plan Nutritivo | La Specialite,People who want dinner without cooking,generated
country,Chile,chile,weight-loss meal delivery,best-weight-loss-meal-delivery,/countries/chile/best-weight-loss-meal-delivery/,2,FitFood Chile | Plan Nutritivo,People comparing calorie-controlled plans,generated
country,Colombia,colombia,diet meal delivery,best-diet-meal-delivery,/countries/colombia/best-diet-meal-delivery/,2,Manzana Verde Colombia | Meal Prep Consciente,People with a diet goal or nutrition constraint,generated
country,Colombia,colombia,healthy meal delivery,best-healthy-meal-delivery,/countries/colombia/best-healthy-meal-delivery/,3,Manzana Verde Colombia | Meal Prep Consciente | Como en Casa Bogota,"People looking for balanced, fresher, healthier convenience meals",generated
country,Colombia,colombia,prepared meal delivery,best-prepared-meal-delivery,/countries/colombia/best-prepared-meal-delivery/,5,Manzana Verde Colombia | Meal Prep Consciente | Foody Colombia | Mingu | Como en Casa Bogota,People who want dinner without cooking,generated
country,Colombia,colombia,weight-loss meal delivery,best-weight-loss-meal-delivery,/countries/colombia/best-weight-loss-meal-delivery/,2,Manzana Verde Colombia | Meal Prep Consciente,People comparing calorie-controlled plans,generated
country,Cyprus,cyprus,diet meal delivery,best-diet-meal-delivery,/countries/cyprus/best-diet-meal-delivery/,4,HealthyBox Cyprus | Healthy Meals Cyprus | FamilyChef Cyprus | Milts Food,People with a diet goal or nutrition constraint,generated
country,Cyprus,cyprus,family meal delivery,best-family-meal-delivery,/countries/cyprus/best-family-meal-delivery/,2,FamilyChef Cyprus | Family Kitchen Cyprus,Parents and households that need easier weeknight dinners,generated
country,Cyprus,cyprus,healthy meal delivery,best-healthy-meal-delivery,/countries/cyprus/best-healthy-meal-delivery/,6,HealthyBox Cyprus | Healthy Meals Cyprus | Ofelimon | FamilyChef Cyprus | Milts Food | Family Kitchen Cyprus,"People looking for balanced, fresher, healthier convenience meals",generated
country,Cyprus,cyprus,prepared meal delivery,best-prepared-meal-delivery,/countries/cyprus/best-prepared-meal-delivery/,5,HealthyBox Cyprus | Healthy Meals Cyprus | Ofelimon | FamilyChef Cyprus | Milts Food,People who want dinner without cooking,generated
country,Cyprus,cyprus,weight-loss meal delivery,best-weight-loss-meal-delivery,/countries/cyprus/best-weight-loss-meal-delivery/,3,HealthyBox Cyprus | Healthy Meals Cyprus | FamilyChef Cyprus,People comparing calorie-controlled plans,generated
country,Czech Republic,czech-republic,diet meal delivery,best-diet-meal-delivery,/countries/czech-republic/best-diet-meal-delivery/,7,Zdravé stravování | Yes Krabicky | Nutric Bistro | NutritionPro | FitKitchen Czech Republic | Popapej,People with a diet goal or nutrition constraint,generated
country,Czech Republic,czech-republic,healthy meal delivery,best-healthy-meal-delivery,/countries/czech-republic/best-healthy-meal-delivery/,7,Zdravé stravování | Yes Krabicky | Nutric Bistro | NutritionPro | FitKitchen Czech Republic | Popapej,"People looking for balanced, fresher, healthier convenience meals",generated
country,Czech Republic,czech-republic,high-protein meal prep,best-high-protein-meal-prep,/countries/czech-republic/best-high-protein-meal-prep/,2,Zdravé stravování | Popapej,"Gym-goers, busy professionals, and macro-focused shoppers",generated
country,Czech Republic,czech-republic,prepared meal delivery,best-prepared-meal-delivery,/countries/czech-republic/best-prepared-meal-delivery/,7,Zdravé stravování | Yes Krabicky | Nutric Bistro | NutritionPro | FitKitchen Czech Republic | Popapej,People who want dinner without cooking,generated
country,Czech Republic,czech-republic,weight-loss meal delivery,best-weight-loss-meal-delivery,/countries/czech-republic/best-weight-loss-meal-delivery/,7,Zdravé stravování | Yes Krabicky | Nutric Bistro | NutritionPro | FitKitchen Czech Republic | Popapej,People comparing calorie-controlled plans,generated
country,Denmark,denmark,grocery dinner delivery,best-grocery-dinner-delivery,/countries/denmark/best-grocery-dinner-delivery/,4,HelloFresh | Aarstiderne | RetNemt | Skagenfood,People comparing grocery-led dinner planning and recipe boxes,generated
country,Denmark,denmark,healthy meal delivery,best-healthy-meal-delivery,/countries/denmark/best-healthy-meal-delivery/,3,HelloFresh | Aarstiderne | HelloFresh Denmark,"People looking for balanced, fresher, healthier convenience meals",generated
country,Denmark,denmark,meal kits,best-meal-kits,/countries/denmark/best-meal-kits/,5,HelloFresh | Aarstiderne | HelloFresh Denmark | RetNemt | Skagenfood,People who want ingredients and recipes delivered,generated
country,Egypt,egypt,diet meal delivery,best-diet-meal-delivery,/countries/egypt/best-diet-meal-delivery/,4,Protein Box Egypt | Diet Hub Egypt | Diet to Door Egypt | Calories Egypt,People with a diet goal or nutrition constraint,generated
country,Egypt,egypt,healthy meal delivery,best-healthy-meal-delivery,/countries/egypt/best-healthy-meal-delivery/,4,Protein Box Egypt | Diet Hub Egypt | Diet to Door Egypt | Calories Egypt,"People looking for balanced, fresher, healthier convenience meals",generated
country,Egypt,egypt,high-protein meal prep,best-high-protein-meal-prep,/countries/egypt/best-high-protein-meal-prep/,2,Protein Box Egypt | Diet to Door Egypt,"Gym-goers, busy professionals, and macro-focused shoppers",generated
country,Egypt,egypt,prepared meal delivery,best-prepared-meal-delivery,/countries/egypt/best-prepared-meal-delivery/,4,Protein Box Egypt | Diet Hub Egypt | Diet to Door Egypt | Calories Egypt,People who want dinner without cooking,generated
country,Egypt,egypt,weight-loss meal delivery,best-weight-loss-meal-delivery,/countries/egypt/best-weight-loss-meal-delivery/,4,Protein Box Egypt | Diet Hub Egypt | Diet to Door Egypt | Calories Egypt,People comparing calorie-controlled plans,generated
country,Estonia,estonia,diet meal delivery,best-diet-meal-delivery,/countries/estonia/best-diet-meal-delivery/,3,HealthyFood Tallinn | SmartFOOD Estonia | MealPrep Baltic Estonia,People with a diet goal or nutrition constraint,generated
country,Estonia,estonia,healthy meal delivery,best-healthy-meal-delivery,/countries/estonia/best-healthy-meal-delivery/,4,HealthyFood Tallinn | SmartFOOD Estonia | MealPrep Baltic Estonia | EasyEats Estonia,"People looking for balanced, fresher, healthier convenience meals",generated
country,Estonia,estonia,high-protein meal prep,best-high-protein-meal-prep,/countries/estonia/best-high-protein-meal-prep/,2,HealthyFood Tallinn | EasyEats Estonia,"Gym-goers, busy professionals, and macro-focused shoppers",generated
country,Estonia,estonia,prepared meal delivery,best-prepared-meal-delivery,/countries/estonia/best-prepared-meal-delivery/,4,HealthyFood Tallinn | SmartFOOD Estonia | MealPrep Baltic Estonia | EasyEats Estonia,People who want dinner without cooking,generated
country,Estonia,estonia,weight-loss meal delivery,best-weight-loss-meal-delivery,/countries/estonia/best-weight-loss-meal-delivery/,3,HealthyFood Tallinn | SmartFOOD Estonia | MealPrep Baltic Estonia,People comparing calorie-controlled plans,generated
country,Europe,europe,grocery dinner delivery,best-grocery-dinner-delivery,/countries/europe/best-grocery-dinner-delivery/,2,Bertrand | Jake,People comparing grocery-led dinner planning and recipe boxes,generated
country,Europe,europe,healthy meal delivery,best-healthy-meal-delivery,/countries/europe/best-healthy-meal-delivery/,7,Mana | yfood | Queal | Saturo | Bertrand | Jake,"People looking for balanced, fresher, healthier convenience meals",generated
country,Europe,europe,high-protein meal prep,best-high-protein-meal-prep,/countries/europe/best-high-protein-meal-prep/,3,Saturo | Jake | Runtime,"Gym-goers, busy professionals, and macro-focused shoppers",generated
country,Europe,europe,prepared meal delivery,best-prepared-meal-delivery,/countries/europe/best-prepared-meal-delivery/,3,Mana | yfood | Saturo,People who want dinner without cooking,generated
country,Europe,europe,vegetarian meal delivery,best-vegetarian-meal-delivery,/countries/europe/best-vegetarian-meal-delivery/,2,Saturo | Jake,"Vegetarian, vegan, flexitarian, and plant-based shoppers",generated
country,Finland,finland,prepared meal delivery,best-prepared-meal-delivery,/countries/finland/best-prepared-meal-delivery/,4,Calori | FuelMe | Menumat | Komero Food,People who want dinner without cooking,generated
country,France,france,diet meal delivery,best-diet-meal-delivery,/countries/france/best-diet-meal-delivery/,3,Dietbon | Comme J'aime | Cheef,People with a diet goal or nutrition constraint,generated
country,France,france,family meal delivery,best-family-meal-delivery,/countries/france/best-family-meal-delivery/,2,La Belle Vie | Jow,Parents and households that need easier weeknight dinners,generated
country,France,france,grocery dinner delivery,best-grocery-dinner-delivery,/countries/france/best-grocery-dinner-delivery/,7,Les Commis | La Belle Vie | Foodette | Jow | Rutabago | Cuisinery,People comparing grocery-led dinner planning and recipe boxes,generated
country,France,france,healthy meal delivery,best-healthy-meal-delivery,/countries/france/best-healthy-meal-delivery/,11,HelloFresh | Seazon | Dietbon | Comme J'aime | Cheef | La Belle Vie,"People looking for balanced, fresher, healthier convenience meals",generated
country,France,france,meal kits,best-meal-kits,/countries/france/best-meal-kits/,6,HelloFresh | Quitoque | Les Commis | Foodette | Jow | Rutabago,People who want ingredients and recipes delivered,generated
country,France,france,prepared meal delivery,best-prepared-meal-delivery,/countries/france/best-prepared-meal-delivery/,11,Seazon | Dietbon | Comme J'aime | Cheef | Rutiz | FoodChéri,People who want dinner without cooking,generated
country,France,france,weight-loss meal delivery,best-weight-loss-meal-delivery,/countries/france/best-weight-loss-meal-delivery/,3,Dietbon | Comme J'aime | Cheef,People comparing calorie-controlled plans,generated
country,Germany,germany,family meal delivery,best-family-meal-delivery,/countries/germany/best-family-meal-delivery/,7,Bofrost | Frosta | Evertaste | Reishunger | KoRo | Just Spices,Parents and households that need easier weeknight dinners,generated
country,Germany,germany,frozen meal delivery,best-frozen-meal-delivery,/countries/germany/best-frozen-meal-delivery/,8,every | Bofrost | Frosta | Juit | Every Foods | Evertaste,People who want freezer-ready backup meals,generated
country,Germany,germany,grocery dinner delivery,best-grocery-dinner-delivery,/countries/germany/best-grocery-dinner-delivery/,8,HelloFresh | Löwenanteil | Frosta | Loewenanteil | wyldr | Reishunger,People comparing grocery-led dinner planning and recipe boxes,generated
country,Germany,germany,healthy meal delivery,best-healthy-meal-delivery,/countries/germany/best-healthy-meal-delivery/,11,HelloFresh | Marley Spoon | Löwenanteil | Juit | Factor | Loewenanteil,"People looking for balanced, fresher, healthier convenience meals",generated
country,Germany,germany,high-protein meal prep,best-high-protein-meal-prep,/countries/germany/best-high-protein-meal-prep/,4,Löwenanteil | Factor | Loewenanteil | prepmymeal,"Gym-goers, busy professionals, and macro-focused shoppers",generated
country,Germany,germany,meal kits,best-meal-kits,/countries/germany/best-meal-kits/,4,HelloFresh | Marley Spoon | wyldr | Just Spices,People who want ingredients and recipes delivered,generated
country,Germany,germany,prepared meal delivery,best-prepared-meal-delivery,/countries/germany/best-prepared-meal-delivery/,14,Marley Spoon | every | Löwenanteil | Bofrost | Frosta | Juit,People who want dinner without cooking,generated
country,Germany,germany,vegetarian meal delivery,best-vegetarian-meal-delivery,/countries/germany/best-vegetarian-meal-delivery/,3,every | Every Foods | Every. Food,"Vegetarian, vegan, flexitarian, and plant-based shoppers",generated
country,Greece,greece,diet meal delivery,best-diet-meal-delivery,/countries/greece/best-diet-meal-delivery/,2,Nutrichef Greece | Food for Fitness Greece,People with a diet goal or nutrition constraint,generated
country,Greece,greece,healthy meal delivery,best-healthy-meal-delivery,/countries/greece/best-healthy-meal-delivery/,3,Nutrichef Greece | Fitness Meals Greece | Food for Fitness Greece,"People looking for balanced, fresher, healthier convenience meals",generated
country,Greece,greece,high-protein meal prep,best-high-protein-meal-prep,/countries/greece/best-high-protein-meal-prep/,2,Fitness Meals Greece | Food for Fitness Greece,"Gym-goers, busy professionals, and macro-focused shoppers",generated
country,Greece,greece,prepared meal delivery,best-prepared-meal-delivery,/countries/greece/best-prepared-meal-delivery/,3,Nutrichef Greece | Fitness Meals Greece | Food for Fitness Greece,People who want dinner without cooking,generated
country,Greece,greece,weight-loss meal delivery,best-weight-loss-meal-delivery,/countries/greece/best-weight-loss-meal-delivery/,2,Nutrichef Greece | Food for Fitness Greece,People comparing calorie-controlled plans,generated
country,Hong Kong,hong-kong,diet meal delivery,best-diet-meal-delivery,/countries/hong-kong/best-diet-meal-delivery/,3,Nutrition Kitchen | Eatology | Eatology Hong Kong,People with a diet goal or nutrition constraint,generated
country,Hong Kong,hong-kong,healthy meal delivery,best-healthy-meal-delivery,/countries/hong-kong/best-healthy-meal-delivery/,9,Nutrition Kitchen | NOSH | Eatology | Fittery | Eatology Hong Kong | Nutrition Kitchen Hong Kong,"People looking for balanced, fresher, healthier convenience meals",generated
country,Hong Kong,hong-kong,high-protein meal prep,best-high-protein-meal-prep,/countries/hong-kong/best-high-protein-meal-prep/,5,Nutrition Kitchen | Fittery | Nutrition Kitchen Hong Kong | Mealthy HK | Fete Up,"Gym-goers, busy professionals, and macro-focused shoppers",generated
country,Hong Kong,hong-kong,prepared meal delivery,best-prepared-meal-delivery,/countries/hong-kong/best-prepared-meal-delivery/,10,Nutrition Kitchen | NOSH | Eatology | Fittery | Eatology Hong Kong | Nutrition Kitchen Hong Kong,People who want dinner without cooking,generated
country,Hong Kong,hong-kong,weight-loss meal delivery,best-weight-loss-meal-delivery,/countries/hong-kong/best-weight-loss-meal-delivery/,2,Eatology | Eatology Hong Kong,People comparing calorie-controlled plans,generated
country,Hungary,hungary,diet meal delivery,best-diet-meal-delivery,/countries/hungary/best-diet-meal-delivery/,2,Food Revolution Hungary | Smartfood Hungary,People with a diet goal or nutrition constraint,generated
country,Hungary,hungary,healthy meal delivery,best-healthy-meal-delivery,/countries/hungary/best-healthy-meal-delivery/,2,Food Revolution Hungary | Smartfood Hungary,"People looking for balanced, fresher, healthier convenience meals",generated
country,Hungary,hungary,prepared meal delivery,best-prepared-meal-delivery,/countries/hungary/best-prepared-meal-delivery/,5,Food Revolution Hungary | Teletál | Cityfood | Interfood | Smartfood Hungary,People who want dinner without cooking,generated
country,Hungary,hungary,weight-loss meal delivery,best-weight-loss-meal-delivery,/countries/hungary/best-weight-loss-meal-delivery/,2,Food Revolution Hungary | Smartfood Hungary,People comparing calorie-controlled plans,generated
country,India,india,diet meal delivery,best-diet-meal-delivery,/countries/india/best-diet-meal-delivery/,6,Food Darzee | ACTIVeat | Kcal Healthy Food | Calorie Care | Fitmeals India | Fitelo,People with a diet goal or nutrition constraint,generated
country,India,india,healthy meal delivery,best-healthy-meal-delivery,/countries/india/best-healthy-meal-delivery/,12,Food Darzee | EatFit | Sprink | Fitmeals | ACTIVeat | Healthie,"People looking for balanced, fresher, healthier convenience meals",generated
country,India,india,high-protein meal prep,best-high-protein-meal-prep,/countries/india/best-high-protein-meal-prep/,7,Food Darzee | Fitmeals | ACTIVeat | Kcal Healthy Food | FreshMenu | Calorie Care,"Gym-goers, busy professionals, and macro-focused shoppers",generated
country,India,india,prepared meal delivery,best-prepared-meal-delivery,/countries/india/best-prepared-meal-delivery/,9,Food Darzee | Fitmeals | ACTIVeat | Healthie | Kcal Healthy Food | FreshMenu,People who want dinner without cooking,generated
country,India,india,weight-loss meal delivery,best-weight-loss-meal-delivery,/countries/india/best-weight-loss-meal-delivery/,7,Food Darzee | Fitmeals | ACTIVeat | Kcal Healthy Food | Calorie Care | Fitmeals India,People comparing calorie-controlled plans,generated
country,Indonesia,indonesia,healthy meal delivery,best-healthy-meal-delivery,/countries/indonesia/best-healthy-meal-delivery/,2,YellowFit Kitchen | Burgreens,"People looking for balanced, fresher, healthier convenience meals",generated
country,Indonesia,indonesia,prepared meal delivery,best-prepared-meal-delivery,/countries/indonesia/best-prepared-meal-delivery/,2,YellowFit Kitchen | Burgreens,People who want dinner without cooking,generated
country,Ireland,ireland,family meal delivery,best-family-meal-delivery,/countries/ireland/best-family-meal-delivery/,2,Eatto | Chef in a Box,Parents and households that need easier weeknight dinners,generated
country,Ireland,ireland,grocery dinner delivery,best-grocery-dinner-delivery,/countries/ireland/best-grocery-dinner-delivery/,3,DropChef | HelloFresh Ireland | Farmhouse Meals Ireland,People comparing grocery-led dinner planning and recipe boxes,generated
country,Ireland,ireland,healthy meal delivery,best-healthy-meal-delivery,/countries/ireland/best-healthy-meal-delivery/,12,Gourmet Fuel | Clean Cut Meals | GourmetFuel | DropChef | BodyChef Ireland | The Good Prep Ireland,"People looking for balanced, fresher, healthier convenience meals",generated
country,Ireland,ireland,high-protein meal prep,best-high-protein-meal-prep,/countries/ireland/best-high-protein-meal-prep/,26,Gourmet Fuel | Clean Cut Meals | GourmetFuel | The Good Prep Ireland | Fit Foods Ireland | LeanBox,"Gym-goers, busy professionals, and macro-focused shoppers",generated
country,Ireland,ireland,meal kits,best-meal-kits,/countries/ireland/best-meal-kits/,3,DropChef | HelloFresh Ireland | Eatstro,People who want ingredients and recipes delivered,generated
country,Ireland,ireland,prepared meal delivery,best-prepared-meal-delivery,/countries/ireland/best-prepared-meal-delivery/,30,Gourmet Fuel | Clean Cut Meals | Eatto | GourmetFuel | DropChef | BodyChef Ireland,People who want dinner without cooking,generated
country,Ireland,ireland,weight-loss meal delivery,best-weight-loss-meal-delivery,/countries/ireland/best-weight-loss-meal-delivery/,3,Gourmet Fuel | DropChef | BodyChef Ireland,People comparing calorie-controlled plans,generated
country,Italy,italy,diet meal delivery,best-diet-meal-delivery,/countries/italy/best-diet-meal-delivery/,3,Mi Piace Cosi | MiCibo | Dieta Chef,People with a diet goal or nutrition constraint,generated
country,Italy,italy,family meal delivery,best-family-meal-delivery,/countries/italy/best-family-meal-delivery/,2,Cortilia | SecondChef,Parents and households that need easier weeknight dinners,generated
country,Italy,italy,grocery dinner delivery,best-grocery-dinner-delivery,/countries/italy/best-grocery-dinner-delivery/,3,Cortilia | My Cooking Box | SecondChef,People comparing grocery-led dinner planning and recipe boxes,generated
country,Italy,italy,healthy meal delivery,best-healthy-meal-delivery,/countries/italy/best-healthy-meal-delivery/,7,Nutribees | Mi Piace Cosi | Foorban | Cortilia | MiCibo | Dieta Chef,"People looking for balanced, fresher, healthier convenience meals",generated
country,Italy,italy,high-protein meal prep,best-high-protein-meal-prep,/countries/italy/best-high-protein-meal-prep/,2,HelloFresh Italy | Quomi,"Gym-goers, busy professionals, and macro-focused shoppers",generated
country,Italy,italy,meal kits,best-meal-kits,/countries/italy/best-meal-kits/,5,My Cooking Box | Fratelli Desideri | HelloFresh Italy | SecondChef | Quomi,People who want ingredients and recipes delivered,generated
country,Italy,italy,prepared meal delivery,best-prepared-meal-delivery,/countries/italy/best-prepared-meal-delivery/,8,Nutribees | Mi Piace Cosi | Foorban | MiCibo | Dieta Chef | HelloFresh Italy,People who want dinner without cooking,generated
country,Italy,italy,weight-loss meal delivery,best-weight-loss-meal-delivery,/countries/italy/best-weight-loss-meal-delivery/,4,Mi Piace Cosi | My Cooking Box | MiCibo | Dieta Chef,People comparing calorie-controlled plans,generated
country,Japan,japan,diet meal delivery,best-diet-meal-delivery,/countries/japan/best-diet-meal-delivery/,2,Muscle Deli | Easy Meals Japan,People with a diet goal or nutrition constraint,generated
country,Japan,japan,family meal delivery,best-family-meal-delivery,/countries/japan/best-family-meal-delivery/,7,Oisix | Yoshikei | Easy Meals Japan | Co-op Deli | Watami no Takushoku | Tsukurioki.jp,Parents and households that need easier weeknight dinners,generated
country,Japan,japan,frozen meal delivery,best-frozen-meal-delivery,/countries/japan/best-frozen-meal-delivery/,4,nosh Japan | Mitsuboshi Farm | GREEN SPOON Japan | FIT FOOD HOME,People who want freezer-ready backup meals,generated
country,Japan,japan,grocery dinner delivery,best-grocery-dinner-delivery,/countries/japan/best-grocery-dinner-delivery/,4,Oisix | Co-op Deli | Mitsuboshi Farm | Nokasoul,People comparing grocery-led dinner planning and recipe boxes,generated
country,Japan,japan,healthy meal delivery,best-healthy-meal-delivery,/countries/japan/best-healthy-meal-delivery/,5,nosh Japan | Muscle Deli | Easy Meals Japan | Mitsuboshi Farm | FIT FOOD HOME,"People looking for balanced, fresher, healthier convenience meals",generated
country,Japan,japan,high-protein meal prep,best-high-protein-meal-prep,/countries/japan/best-high-protein-meal-prep/,2,Muscle Deli | Easy Meals Japan,"Gym-goers, busy professionals, and macro-focused shoppers",generated
country,Japan,japan,meal kits,best-meal-kits,/countries/japan/best-meal-kits/,3,Oisix | Yoshikei | TastyTable FOOD,People who want ingredients and recipes delivered,generated
country,Japan,japan,prepared meal delivery,best-prepared-meal-delivery,/countries/japan/best-prepared-meal-delivery/,10,nosh Japan | Muscle Deli | Easy Meals Japan | Watami no Takushoku | Tsukurioki.jp | Mitsuboshi Farm,People who want dinner without cooking,generated
country,Japan,japan,weight-loss meal delivery,best-weight-loss-meal-delivery,/countries/japan/best-weight-loss-meal-delivery/,2,Muscle Deli | Easy Meals Japan,People comparing calorie-controlled plans,generated
country,Kenya,kenya,prepared meal delivery,best-prepared-meal-delivery,/countries/kenya/best-prepared-meal-delivery/,3,Olive and Basil Kenya | Food Affair Kenya | Kune Food,People who want dinner without cooking,generated
country,Kuwait,kuwait,diet meal delivery,best-diet-meal-delivery,/countries/kuwait/best-diet-meal-delivery/,6,LineUpFit | Diet Care | Anona Diet | Diet Care Kuwait | Protein Kuwait | Protein Fitness Meals,People with a diet goal or nutrition constraint,generated
country,Kuwait,kuwait,healthy meal delivery,best-healthy-meal-delivery,/countries/kuwait/best-healthy-meal-delivery/,7,Calo Kuwait | LineUpFit | Diet Care | Anona Diet | Diet Care Kuwait | Protein Kuwait,"People looking for balanced, fresher, healthier convenience meals",generated
country,Kuwait,kuwait,high-protein meal prep,best-high-protein-meal-prep,/countries/kuwait/best-high-protein-meal-prep/,3,LineUpFit | Protein Kuwait | Protein Fitness Meals,"Gym-goers, busy professionals, and macro-focused shoppers",generated
country,Kuwait,kuwait,prepared meal delivery,best-prepared-meal-delivery,/countries/kuwait/best-prepared-meal-delivery/,7,Calo Kuwait | LineUpFit | Diet Care | Anona Diet | Diet Care Kuwait | Protein Kuwait,People who want dinner without cooking,generated
country,Kuwait,kuwait,weight-loss meal delivery,best-weight-loss-meal-delivery,/countries/kuwait/best-weight-loss-meal-delivery/,6,LineUpFit | Diet Care | Anona Diet | Diet Care Kuwait | Protein Kuwait | Protein Fitness Meals,People comparing calorie-controlled plans,generated
country,Malaysia,malaysia,diet meal delivery,best-diet-meal-delivery,/countries/malaysia/best-diet-meal-delivery/,3,Dietmonsta | GoClean Malaysia | Clean Eats Malaysia,People with a diet goal or nutrition constraint,generated
country,Malaysia,malaysia,healthy meal delivery,best-healthy-meal-delivery,/countries/malaysia/best-healthy-meal-delivery/,5,Dietmonsta | La Juiceria Grocer | GoClean Malaysia | Clean Eats Malaysia | Agrain Malaysia,"People looking for balanced, fresher, healthier convenience meals",generated
country,Malaysia,malaysia,high-protein meal prep,best-high-protein-meal-prep,/countries/malaysia/best-high-protein-meal-prep/,3,Dahmakan | La Juiceria Grocer | Agrain Malaysia,"Gym-goers, busy professionals, and macro-focused shoppers",generated
country,Malaysia,malaysia,prepared meal delivery,best-prepared-meal-delivery,/countries/malaysia/best-prepared-meal-delivery/,8,Meals in Minutes Malaysia | Dahmakan | Dietmonsta | Homey Malaysia | La Juiceria Grocer | GoClean Malaysia,People who want dinner without cooking,generated
country,Malaysia,malaysia,weight-loss meal delivery,best-weight-loss-meal-delivery,/countries/malaysia/best-weight-loss-meal-delivery/,4,Meals in Minutes Malaysia | Dietmonsta | GoClean Malaysia | Clean Eats Malaysia,People comparing calorie-controlled plans,generated
country,Mexico,mexico,diet meal delivery,best-diet-meal-delivery,/countries/mexico/best-diet-meal-delivery/,5,Manzana Verde | Manzana Verde Mexico | Myfitnesschef | Manyar | Food & Fit,People with a diet goal or nutrition constraint,generated
country,Mexico,mexico,healthy meal delivery,best-healthy-meal-delivery,/countries/mexico/best-healthy-meal-delivery/,11,Manzana Verde | Nurish | Manzana Verde Mexico | Fit Food Mexico | Eat Fit Mexico | Come Bien,"People looking for balanced, fresher, healthier convenience meals",generated
country,Mexico,mexico,high-protein meal prep,best-high-protein-meal-prep,/countries/mexico/best-high-protein-meal-prep/,4,Nurish | Manzana Verde Mexico | Healthy Box Mexico | Myfitnesschef,"Gym-goers, busy professionals, and macro-focused shoppers",generated
country,Mexico,mexico,prepared meal delivery,best-prepared-meal-delivery,/countries/mexico/best-prepared-meal-delivery/,11,Manzana Verde | Nurish | Manzana Verde Mexico | Fit Food Mexico | Eat Fit Mexico | Come Bien,People who want dinner without cooking,generated
country,Mexico,mexico,weight-loss meal delivery,best-weight-loss-meal-delivery,/countries/mexico/best-weight-loss-meal-delivery/,5,Manzana Verde | Manzana Verde Mexico | Myfitnesschef | Manyar | Food & Fit,People comparing calorie-controlled plans,generated
country,Netherlands,netherlands,family meal delivery,best-family-meal-delivery,/countries/netherlands/best-family-meal-delivery/,5,Vers aan Tafel | Ekomenu | Boerschappen | Crisp | Maaltijdservice.nl,Parents and households that need easier weeknight dinners,generated
country,Netherlands,netherlands,frozen meal delivery,best-frozen-meal-delivery,/countries/netherlands/best-frozen-meal-delivery/,6,Mealhero | Vegan Masters | Freasy | Vood | Every Foods | MealHero Netherlands,People who want freezer-ready backup meals,generated
country,Netherlands,netherlands,grocery dinner delivery,best-grocery-dinner-delivery,/countries/netherlands/best-grocery-dinner-delivery/,5,Ekomenu | Marley Spoon Netherlands | Boerschappen | Crisp | Maaltijdservice.nl,People comparing grocery-led dinner planning and recipe boxes,generated
country,Netherlands,netherlands,healthy meal delivery,best-healthy-meal-delivery,/countries/netherlands/best-healthy-meal-delivery/,11,HelloFresh | Factor | Vers aan Tafel | Ekomenu | Uitgekookt | Marley Spoon Netherlands,"People looking for balanced, fresher, healthier convenience meals",generated
country,Netherlands,netherlands,high-protein meal prep,best-high-protein-meal-prep,/countries/netherlands/best-high-protein-meal-prep/,2,Smart Meals | MealHero Netherlands,"Gym-goers, busy professionals, and macro-focused shoppers",generated
country,Netherlands,netherlands,meal kits,best-meal-kits,/countries/netherlands/best-meal-kits/,7,HelloFresh | Marley Spoon | Ekomenu | Crisp Weekbox | Marley Spoon Netherlands | Boerschappen,People who want ingredients and recipes delivered,generated
country,Netherlands,netherlands,prepared meal delivery,best-prepared-meal-delivery,/countries/netherlands/best-prepared-meal-delivery/,13,Marley Spoon | Factor | Mealhero | Vers aan Tafel | Uitgekookt | Maaltijdservice.nl,People who want dinner without cooking,generated
country,Netherlands,netherlands,vegetarian meal delivery,best-vegetarian-meal-delivery,/countries/netherlands/best-vegetarian-meal-delivery/,4,Ekomenu | Vegan Masters | Vood | Every Foods,"Vegetarian, vegan, flexitarian, and plant-based shoppers",generated
country,New Zealand,new-zealand,family meal delivery,best-family-meal-delivery,/countries/new-zealand/best-family-meal-delivery/,8,FED. | Bargain Box | Angel Delivery | The Kai Box | FED New Zealand | Green Dinner Table,Parents and households that need easier weeknight dinners,generated
country,New Zealand,new-zealand,frozen meal delivery,best-frozen-meal-delivery,/countries/new-zealand/best-frozen-meal-delivery/,5,Jess's Underground Kitchen | Angel Delivery | Jess' Underground Kitchen | FED New Zealand | Bellyful,People who want freezer-ready backup meals,generated
country,New Zealand,new-zealand,grocery dinner delivery,best-grocery-dinner-delivery,/countries/new-zealand/best-grocery-dinner-delivery/,6,HelloFresh | Woop | My Food Bag | Bargain Box | The Kai Box | Angel Food,People comparing grocery-led dinner planning and recipe boxes,generated
country,New Zealand,new-zealand,healthy meal delivery,best-healthy-meal-delivery,/countries/new-zealand/best-healthy-meal-delivery/,7,HelloFresh | Fitfood | Fitfood NZ | Jess' Underground Kitchen | Muscle Fuel | Green Dinner Table,"People looking for balanced, fresher, healthier convenience meals",generated
country,New Zealand,new-zealand,high-protein meal prep,best-high-protein-meal-prep,/countries/new-zealand/best-high-protein-meal-prep/,3,Fitfood | Muscle Fuel | SwoleFoods,"Gym-goers, busy professionals, and macro-focused shoppers",generated
country,New Zealand,new-zealand,meal kits,best-meal-kits,/countries/new-zealand/best-meal-kits/,6,HelloFresh | Woop | My Food Bag | Bargain Box | The Kai Box | Green Dinner Table,People who want ingredients and recipes delivered,generated
country,New Zealand,new-zealand,prepared meal delivery,best-prepared-meal-delivery,/countries/new-zealand/best-prepared-meal-delivery/,13,Fitfood | Woop | My Food Bag | FED. | Jess's Underground Kitchen | Fitfood NZ,People who want dinner without cooking,generated
country,New Zealand,new-zealand,vegetarian meal delivery,best-vegetarian-meal-delivery,/countries/new-zealand/best-vegetarian-meal-delivery/,2,Green Dinner Table | Angel Food,"Vegetarian, vegan, flexitarian, and plant-based shoppers",generated
country,New Zealand,new-zealand,weight-loss meal delivery,best-weight-loss-meal-delivery,/countries/new-zealand/best-weight-loss-meal-delivery/,2,Fitfood | Fitfood NZ,People comparing calorie-controlled plans,generated
country,Nigeria,nigeria,prepared meal delivery,best-prepared-meal-delivery,/countries/nigeria/best-prepared-meal-delivery/,3,Fresh Meal Prep Nigeria | Nourie | FoodCourt,People who want dinner without cooking,generated
country,Norway,norway,family meal delivery,best-family-meal-delivery,/countries/norway/best-family-meal-delivery/,2,Kokkeloren | Morgenlevering,Parents and households that need easier weeknight dinners,generated
country,Norway,norway,grocery dinner delivery,best-grocery-dinner-delivery,/countries/norway/best-grocery-dinner-delivery/,4,HelloFresh | Godtlevert | Kokkeloren | Morgenlevering,People comparing grocery-led dinner planning and recipe boxes,generated
country,Norway,norway,healthy meal delivery,best-healthy-meal-delivery,/countries/norway/best-healthy-meal-delivery/,2,HelloFresh | HelloFresh Norway,"People looking for balanced, fresher, healthier convenience meals",generated
country,Norway,norway,meal kits,best-meal-kits,/countries/norway/best-meal-kits/,5,HelloFresh | Godtlevert | HelloFresh Norway | Kokkeloren | Adams Matkasse,People who want ingredients and recipes delivered,generated
country,Oman,oman,healthy meal delivery,best-healthy-meal-delivery,/countries/oman/best-healthy-meal-delivery/,2,Nourish Kitchen Oman | Calo Oman,"People looking for balanced, fresher, healthier convenience meals",generated
country,Oman,oman,prepared meal delivery,best-prepared-meal-delivery,/countries/oman/best-prepared-meal-delivery/,2,Nourish Kitchen Oman | Calo Oman,People who want dinner without cooking,generated
country,Peru,peru,diet meal delivery,best-diet-meal-delivery,/countries/peru/best-diet-meal-delivery/,2,Manzana Verde Peru | getUP!,People with a diet goal or nutrition constraint,generated
country,Peru,peru,healthy meal delivery,best-healthy-meal-delivery,/countries/peru/best-healthy-meal-delivery/,2,Manzana Verde Peru | getUP!,"People looking for balanced, fresher, healthier convenience meals",generated
country,Peru,peru,prepared meal delivery,best-prepared-meal-delivery,/countries/peru/best-prepared-meal-delivery/,3,Manzana Verde Peru | getUP! | Delimas,People who want dinner without cooking,generated
country,Peru,peru,weight-loss meal delivery,best-weight-loss-meal-delivery,/countries/peru/best-weight-loss-meal-delivery/,2,Manzana Verde Peru | getUP!,People comparing calorie-controlled plans,generated
country,Philippines,philippines,diet meal delivery,best-diet-meal-delivery,/countries/philippines/best-diet-meal-delivery/,7,The Hearty Grub | The Six Pack Chef | Pickle.ph | FitFood Manila | Dear Diet | Nuthera,People with a diet goal or nutrition constraint,generated
country,Philippines,philippines,healthy meal delivery,best-healthy-meal-delivery,/countries/philippines/best-healthy-meal-delivery/,8,The Hearty Grub | The Six Pack Chef | Pickle.ph | FitFood Manila | Dear Diet | Nuthera,"People looking for balanced, fresher, healthier convenience meals",generated
country,Philippines,philippines,high-protein meal prep,best-high-protein-meal-prep,/countries/philippines/best-high-protein-meal-prep/,2,Pickle.ph | Fit Kitchen PH,"Gym-goers, busy professionals, and macro-focused shoppers",generated
country,Philippines,philippines,prepared meal delivery,best-prepared-meal-delivery,/countries/philippines/best-prepared-meal-delivery/,8,The Hearty Grub | The Six Pack Chef | Pickle.ph | FitFood Manila | Dear Diet | Nuthera,People who want dinner without cooking,generated
country,Philippines,philippines,weight-loss meal delivery,best-weight-loss-meal-delivery,/countries/philippines/best-weight-loss-meal-delivery/,7,The Hearty Grub | The Six Pack Chef | Pickle.ph | FitFood Manila | Dear Diet | Nuthera,People comparing calorie-controlled plans,generated
country,Poland,poland,diet meal delivery,best-diet-meal-delivery,/countries/poland/best-diet-meal-delivery/,7,Maczfit | Nice To Fit You | Body Chief | Kuchnia Vikinga | Wygodna Dieta | SuperMenu,People with a diet goal or nutrition constraint,generated
country,Poland,poland,healthy meal delivery,best-healthy-meal-delivery,/countries/poland/best-healthy-meal-delivery/,7,Maczfit | Nice To Fit You | Body Chief | Kuchnia Vikinga | Wygodna Dieta | SuperMenu,"People looking for balanced, fresher, healthier convenience meals",generated
country,Poland,poland,prepared meal delivery,best-prepared-meal-delivery,/countries/poland/best-prepared-meal-delivery/,7,Maczfit | Nice To Fit You | Body Chief | Kuchnia Vikinga | Wygodna Dieta | SuperMenu,People who want dinner without cooking,generated
country,Poland,poland,weight-loss meal delivery,best-weight-loss-meal-delivery,/countries/poland/best-weight-loss-meal-delivery/,7,Maczfit | Nice To Fit You | Body Chief | Kuchnia Vikinga | Wygodna Dieta | SuperMenu,People comparing calorie-controlled plans,generated
country,Portugal,portugal,diet meal delivery,best-diet-meal-delivery,/countries/portugal/best-diet-meal-delivery/,2,Natalie's Healthy Kitchen | Comer Melhor,People with a diet goal or nutrition constraint,generated
country,Portugal,portugal,family meal delivery,best-family-meal-delivery,/countries/portugal/best-family-meal-delivery/,2,Go Natural | Celeiro,Parents and households that need easier weeknight dinners,generated
country,Portugal,portugal,grocery dinner delivery,best-grocery-dinner-delivery,/countries/portugal/best-grocery-dinner-delivery/,3,Natalie's Healthy Kitchen | Go Natural | Celeiro,People comparing grocery-led dinner planning and recipe boxes,generated
country,Portugal,portugal,healthy meal delivery,best-healthy-meal-delivery,/countries/portugal/best-healthy-meal-delivery/,4,Natalie's Healthy Kitchen | Go Natural | Celeiro | Comer Melhor,"People looking for balanced, fresher, healthier convenience meals",generated
country,Portugal,portugal,prepared meal delivery,best-prepared-meal-delivery,/countries/portugal/best-prepared-meal-delivery/,3,Go Natural | EatTasty | Comer Melhor,People who want dinner without cooking,generated
country,Portugal,portugal,weight-loss meal delivery,best-weight-loss-meal-delivery,/countries/portugal/best-weight-loss-meal-delivery/,2,Natalie's Healthy Kitchen | Comer Melhor,People comparing calorie-controlled plans,generated
country,Qatar,qatar,diet meal delivery,best-diet-meal-delivery,/countries/qatar/best-diet-meal-delivery/,3,Dieture | Benefit Qatar | Diet Delights Qatar,People with a diet goal or nutrition constraint,generated
country,Qatar,qatar,healthy meal delivery,best-healthy-meal-delivery,/countries/qatar/best-healthy-meal-delivery/,3,Dieture | Benefit Qatar | Diet Delights Qatar,"People looking for balanced, fresher, healthier convenience meals",generated
country,Qatar,qatar,high-protein meal prep,best-high-protein-meal-prep,/countries/qatar/best-high-protein-meal-prep/,2,Benefit Qatar | Diet Delights Qatar,"Gym-goers, busy professionals, and macro-focused shoppers",generated
country,Qatar,qatar,prepared meal delivery,best-prepared-meal-delivery,/countries/qatar/best-prepared-meal-delivery/,4,Dieture | Calo Qatar | Benefit Qatar | Diet Delights Qatar,People who want dinner without cooking,generated
country,Qatar,qatar,weight-loss meal delivery,best-weight-loss-meal-delivery,/countries/qatar/best-weight-loss-meal-delivery/,3,Dieture | Benefit Qatar | Diet Delights Qatar,People comparing calorie-controlled plans,generated
country,Romania,romania,diet meal delivery,best-diet-meal-delivery,/countries/romania/best-diet-meal-delivery/,5,LifeBox | Fit Food Way | LifeBox Romania | FoodKit | Caserola Fit,People with a diet goal or nutrition constraint,generated
country,Romania,romania,healthy meal delivery,best-healthy-meal-delivery,/countries/romania/best-healthy-meal-delivery/,5,LifeBox | Fit Food Way | LifeBox Romania | FoodKit | Caserola Fit,"People looking for balanced, fresher, healthier convenience meals",generated
country,Romania,romania,high-protein meal prep,best-high-protein-meal-prep,/countries/romania/best-high-protein-meal-prep/,3,Fit Food Way | FoodKit | Caserola Fit,"Gym-goers, busy professionals, and macro-focused shoppers",generated
country,Romania,romania,prepared meal delivery,best-prepared-meal-delivery,/countries/romania/best-prepared-meal-delivery/,5,LifeBox | Fit Food Way | LifeBox Romania | FoodKit | Caserola Fit,People who want dinner without cooking,generated
country,Romania,romania,weight-loss meal delivery,best-weight-loss-meal-delivery,/countries/romania/best-weight-loss-meal-delivery/,5,LifeBox | Fit Food Way | LifeBox Romania | FoodKit | Caserola Fit,People comparing calorie-controlled plans,generated
country,Saudi Arabia,saudi-arabia,diet meal delivery,best-diet-meal-delivery,/countries/saudi-arabia/best-diet-meal-delivery/,3,Diet Center | Right Bite Saudi Arabia | Low Calorie Saudi,People with a diet goal or nutrition constraint,generated
country,Saudi Arabia,saudi-arabia,healthy meal delivery,best-healthy-meal-delivery,/countries/saudi-arabia/best-healthy-meal-delivery/,4,Diet Center | Right Bite Saudi Arabia | Calo Saudi Arabia | Low Calorie Saudi,"People looking for balanced, fresher, healthier convenience meals",generated
country,Saudi Arabia,saudi-arabia,prepared meal delivery,best-prepared-meal-delivery,/countries/saudi-arabia/best-prepared-meal-delivery/,4,Diet Center | Right Bite Saudi Arabia | Calo Saudi Arabia | Low Calorie Saudi,People who want dinner without cooking,generated
country,Saudi Arabia,saudi-arabia,weight-loss meal delivery,best-weight-loss-meal-delivery,/countries/saudi-arabia/best-weight-loss-meal-delivery/,3,Diet Center | Right Bite Saudi Arabia | Low Calorie Saudi,People comparing calorie-controlled plans,generated
country,Serbia,serbia,diet meal delivery,best-diet-meal-delivery,/countries/serbia/best-diet-meal-delivery/,2,28Ishrana | Vit Fit Serbia,People with a diet goal or nutrition constraint,generated
country,Serbia,serbia,healthy meal delivery,best-healthy-meal-delivery,/countries/serbia/best-healthy-meal-delivery/,2,28Ishrana | Vit Fit Serbia,"People looking for balanced, fresher, healthier convenience meals",generated
country,Serbia,serbia,prepared meal delivery,best-prepared-meal-delivery,/countries/serbia/best-prepared-meal-delivery/,2,28Ishrana | Vit Fit Serbia,People who want dinner without cooking,generated
country,Serbia,serbia,weight-loss meal delivery,best-weight-loss-meal-delivery,/countries/serbia/best-weight-loss-meal-delivery/,2,28Ishrana | Vit Fit Serbia,People comparing calorie-controlled plans,generated
country,Singapore,singapore,diet meal delivery,best-diet-meal-delivery,/countries/singapore/best-diet-meal-delivery/,4,Ketomei | Keto Eato | Healthfull | Nutrify Meals,People with a diet goal or nutrition constraint,generated
country,Singapore,singapore,healthy meal delivery,best-healthy-meal-delivery,/countries/singapore/best-healthy-meal-delivery/,12,Nutrition Kitchen | Grain | AMGD | Yummy Bros | YoloFoods | FitThree,"People looking for balanced, fresher, healthier convenience meals",generated
country,Singapore,singapore,high-protein meal prep,best-high-protein-meal-prep,/countries/singapore/best-high-protein-meal-prep/,6,Yummy Bros | YoloFoods | Ketomei | FitThree | Lean Bento | Nutrify Meals,"Gym-goers, busy professionals, and macro-focused shoppers",generated
country,Singapore,singapore,prepared meal delivery,best-prepared-meal-delivery,/countries/singapore/best-prepared-meal-delivery/,13,Nutrition Kitchen | Grain | Yummy Bros | YoloFoods | Ketomei | Keto Eato,People who want dinner without cooking,generated
country,Singapore,singapore,weight-loss meal delivery,best-weight-loss-meal-delivery,/countries/singapore/best-weight-loss-meal-delivery/,4,Ketomei | Keto Eato | Healthfull | Nutrify Meals,People comparing calorie-controlled plans,generated
country,South Africa,south-africa,family meal delivery,best-family-meal-delivery,/countries/south-africa/best-family-meal-delivery/,7,Frozen For You | Daily Dish | Dinnerbox | DinnerMates | Frozen Food Factory | DinnerLink,Parents and households that need easier weeknight dinners,generated
country,South Africa,south-africa,frozen meal delivery,best-frozen-meal-delivery,/countries/south-africa/best-frozen-meal-delivery/,4,Frozen For You | We Are Food | Frozen Food Factory | BexTheChef,People who want freezer-ready backup meals,generated
country,South Africa,south-africa,grocery dinner delivery,best-grocery-dinner-delivery,/countries/south-africa/best-grocery-dinner-delivery/,4,UCOOK | DinnerMates | DinnerLink | KookBox,People comparing grocery-led dinner planning and recipe boxes,generated
country,South Africa,south-africa,healthy meal delivery,best-healthy-meal-delivery,/countries/south-africa/best-healthy-meal-delivery/,5,FitChef | BexTheChef | FitFoodz South Africa | Safari Eatz | KookBox,"People looking for balanced, fresher, healthier convenience meals",generated
country,South Africa,south-africa,high-protein meal prep,best-high-protein-meal-prep,/countries/south-africa/best-high-protein-meal-prep/,2,FitFoodz South Africa | Safari Eatz,"Gym-goers, busy professionals, and macro-focused shoppers",generated
country,South Africa,south-africa,meal kits,best-meal-kits,/countries/south-africa/best-meal-kits/,6,UCOOK | Daily Dish | Dinnerbox | DinnerMates | TasteBox | KookBox,People who want ingredients and recipes delivered,generated
country,South Africa,south-africa,prepared meal delivery,best-prepared-meal-delivery,/countries/south-africa/best-prepared-meal-delivery/,9,FitChef | Frozen For You | We Are Food | Frozen Food Factory | BexTheChef | FitFoodz South Africa,People who want dinner without cooking,generated
country,South Africa,south-africa,weight-loss meal delivery,best-weight-loss-meal-delivery,/countries/south-africa/best-weight-loss-meal-delivery/,3,UCOOK | Daily Dish | FitFoodz South Africa,People comparing calorie-controlled plans,generated
country,South Korea,south-korea,grocery dinner delivery,best-grocery-dinner-delivery,/countries/south-korea/best-grocery-dinner-delivery/,3,Wingeat | Tasty9 | Market Kurly Meal Kits,People comparing grocery-led dinner planning and recipe boxes,generated
country,South Korea,south-korea,healthy meal delivery,best-healthy-meal-delivery,/countries/south-korea/best-healthy-meal-delivery/,3,Fresheasy | Tasty9 | Heodak,"People looking for balanced, fresher, healthier convenience meals",generated
country,South Korea,south-korea,meal kits,best-meal-kits,/countries/south-korea/best-meal-kits/,3,Fresheasy | MyChef | Market Kurly Meal Kits,People who want ingredients and recipes delivered,generated
country,South Korea,south-korea,prepared meal delivery,best-prepared-meal-delivery,/countries/south-korea/best-prepared-meal-delivery/,5,Cookat | Wingeat | Tasty9 | Heodak | Market Kurly Meal Kits,People who want dinner without cooking,generated
country,Spain,spain,diet meal delivery,best-diet-meal-delivery,/countries/spain/best-diet-meal-delivery/,2,MenuDiet | Nootric,People with a diet goal or nutrition constraint,generated
country,Spain,spain,family meal delivery,best-family-meal-delivery,/countries/spain/best-family-meal-delivery/,3,MyRealFood | ComeFruta | NoCocinoMas,Parents and households that need easier weeknight dinners,generated
country,Spain,spain,grocery dinner delivery,best-grocery-dinner-delivery,/countries/spain/best-grocery-dinner-delivery/,2,MyRealFood | ComeFruta,People comparing grocery-led dinner planning and recipe boxes,generated
country,Spain,spain,healthy meal delivery,best-healthy-meal-delivery,/countries/spain/best-healthy-meal-delivery/,10,Wetaca | MenuDiet | Eatsana | DinDins | Nootric | Tappers,"People looking for balanced, fresher, healthier convenience meals",generated
country,Spain,spain,high-protein meal prep,best-high-protein-meal-prep,/countries/spain/best-high-protein-meal-prep/,2,Phosh Food | HelloFresh Spain,"Gym-goers, busy professionals, and macro-focused shoppers",generated
country,Spain,spain,prepared meal delivery,best-prepared-meal-delivery,/countries/spain/best-prepared-meal-delivery/,11,Wetaca | MenuDiet | Eatsana | DinDins | Phosh Food | Nootric,People who want dinner without cooking,generated
country,Spain,spain,weight-loss meal delivery,best-weight-loss-meal-delivery,/countries/spain/best-weight-loss-meal-delivery/,2,MenuDiet | Nootric,People comparing calorie-controlled plans,generated
country,Sweden,sweden,family meal delivery,best-family-meal-delivery,/countries/sweden/best-family-meal-delivery/,2,Linas Matkasse | Mathem,Parents and households that need easier weeknight dinners,generated
country,Sweden,sweden,grocery dinner delivery,best-grocery-dinner-delivery,/countries/sweden/best-grocery-dinner-delivery/,2,HelloFresh | Mathem,People comparing grocery-led dinner planning and recipe boxes,generated
country,Sweden,sweden,healthy meal delivery,best-healthy-meal-delivery,/countries/sweden/best-healthy-meal-delivery/,3,HelloFresh | Linas Matkasse | Mealprep.se,"People looking for balanced, fresher, healthier convenience meals",generated
country,Sweden,sweden,high-protein meal prep,best-high-protein-meal-prep,/countries/sweden/best-high-protein-meal-prep/,2,Factor | Mealprep.se,"Gym-goers, busy professionals, and macro-focused shoppers",generated
country,Sweden,sweden,meal kits,best-meal-kits,/countries/sweden/best-meal-kits/,5,HelloFresh | Linas Matkasse | Matkomfort | Mathem | Middagsfrid,People who want ingredients and recipes delivered,generated
country,Sweden,sweden,prepared meal delivery,best-prepared-meal-delivery,/countries/sweden/best-prepared-meal-delivery/,4,Factor | Matkomfort | Mealprep.se | Middagsfrid,People who want dinner without cooking,generated
country,Switzerland,switzerland,family meal delivery,best-family-meal-delivery,/countries/switzerland/best-family-meal-delivery/,2,Farmy | Betty Bossi,Parents and households that need easier weeknight dinners,generated
country,Switzerland,switzerland,grocery dinner delivery,best-grocery-dinner-delivery,/countries/switzerland/best-grocery-dinner-delivery/,3,HelloFresh | Farmy | Betty Bossi,People comparing grocery-led dinner planning and recipe boxes,generated
country,Switzerland,switzerland,healthy meal delivery,best-healthy-meal-delivery,/countries/switzerland/best-healthy-meal-delivery/,4,HelloFresh | prepmymeal | Löwenanteil | Farmy,"People looking for balanced, fresher, healthier convenience meals",generated
country,Switzerland,switzerland,high-protein meal prep,best-high-protein-meal-prep,/countries/switzerland/best-high-protein-meal-prep/,2,prepmymeal | Löwenanteil,"Gym-goers, busy professionals, and macro-focused shoppers",generated
country,Switzerland,switzerland,meal kits,best-meal-kits,/countries/switzerland/best-meal-kits/,3,HelloFresh | Farmy | Betty Bossi,People who want ingredients and recipes delivered,generated
country,Switzerland,switzerland,prepared meal delivery,best-prepared-meal-delivery,/countries/switzerland/best-prepared-meal-delivery/,5,Weekly Food | Allcook Kitchen | merciChef | prepmymeal | Löwenanteil,People who want dinner without cooking,generated
country,Thailand,thailand,diet meal delivery,best-diet-meal-delivery,/countries/thailand/best-diet-meal-delivery/,3,NutriChef Bangkok | Fit2go Thailand | Healthy Tasty Thailand,People with a diet goal or nutrition constraint,generated
country,Thailand,thailand,healthy meal delivery,best-healthy-meal-delivery,/countries/thailand/best-healthy-meal-delivery/,7,Paleo Robbie | NutriChef Bangkok | Fit2go Thailand | Fitmeal Thailand | Fit Food Always | Pure Prep Bangkok,"People looking for balanced, fresher, healthier convenience meals",generated
country,Thailand,thailand,high-protein meal prep,best-high-protein-meal-prep,/countries/thailand/best-high-protein-meal-prep/,5,NutriChef Bangkok | Fit2go Thailand | Fitmeal Thailand | Fit Food Always | Pure Prep Bangkok,"Gym-goers, busy professionals, and macro-focused shoppers",generated
country,Thailand,thailand,prepared meal delivery,best-prepared-meal-delivery,/countries/thailand/best-prepared-meal-delivery/,8,Paleo Robbie | NutriChef Bangkok | Fit2go Thailand | Fitmeal Thailand | Fit Food Always | Pure Prep Bangkok,People who want dinner without cooking,generated
country,Thailand,thailand,vegetarian meal delivery,best-vegetarian-meal-delivery,/countries/thailand/best-vegetarian-meal-delivery/,2,NutriChef Bangkok | Plantiful Bangkok,"Vegetarian, vegan, flexitarian, and plant-based shoppers",generated
country,Thailand,thailand,weight-loss meal delivery,best-weight-loss-meal-delivery,/countries/thailand/best-weight-loss-meal-delivery/,3,NutriChef Bangkok | Fit2go Thailand | Healthy Tasty Thailand,People comparing calorie-controlled plans,generated
country,Turkey,turkey,diet meal delivery,best-diet-meal-delivery,/countries/turkey/best-diet-meal-delivery/,2,Rafinera | FitChef Turkey,People with a diet goal or nutrition constraint,generated
country,Turkey,turkey,healthy meal delivery,best-healthy-meal-delivery,/countries/turkey/best-healthy-meal-delivery/,2,Rafinera | FitChef Turkey,"People looking for balanced, fresher, healthier convenience meals",generated
country,Turkey,turkey,prepared meal delivery,best-prepared-meal-delivery,/countries/turkey/best-prepared-meal-delivery/,3,Rafinera | Meal Box | FitChef Turkey,People who want dinner without cooking,generated
country,Turkey,turkey,weight-loss meal delivery,best-weight-loss-meal-delivery,/countries/turkey/best-weight-loss-meal-delivery/,2,Rafinera | FitChef Turkey,People comparing calorie-controlled plans,generated
country,UAE,uae,cheap meal delivery,best-cheap-meal-delivery,/countries/uae/best-cheap-meal-delivery/,2,Delicut | TheMeal UAE,Budget-conscious shoppers comparing cost and first-box deals,generated
country,UAE,uae,diet meal delivery,best-diet-meal-delivery,/countries/uae/best-diet-meal-delivery/,4,Right Bite | Basiligo | FITT Meals | Eat Clean ME,People with a diet goal or nutrition constraint,generated
country,UAE,uae,family meal delivery,best-family-meal-delivery,/countries/uae/best-family-meal-delivery/,2,Meals on Me | Hello Chef,Parents and households that need easier weeknight dinners,generated
country,UAE,uae,grocery dinner delivery,best-grocery-dinner-delivery,/countries/uae/best-grocery-dinner-delivery/,2,Hello Chef | Nutrition Kitchen UAE,People comparing grocery-led dinner planning and recipe boxes,generated
country,UAE,uae,healthy meal delivery,best-healthy-meal-delivery,/countries/uae/best-healthy-meal-delivery/,14,Right Bite | Kcal Life | Calo | Delicut | Meals on Me | Fuel-Up by Kcal,"People looking for balanced, fresher, healthier convenience meals",generated
country,UAE,uae,high-protein meal prep,best-high-protein-meal-prep,/countries/uae/best-high-protein-meal-prep/,7,Calo | Delicut | Fuel-Up by Kcal | PrepHero | The Protein Kitchen | Eat Clean ME,"Gym-goers, busy professionals, and macro-focused shoppers",generated
country,UAE,uae,meal kits,best-meal-kits,/countries/uae/best-meal-kits/,2,Hello Chef | Nutrition Kitchen UAE,People who want ingredients and recipes delivered,generated
country,UAE,uae,prepared meal delivery,best-prepared-meal-delivery,/countries/uae/best-prepared-meal-delivery/,14,Right Bite | Kcal Life | Calo | Delicut | Meals on Me | Fuel-Up by Kcal,People who want dinner without cooking,generated
country,UAE,uae,vegetarian meal delivery,best-vegetarian-meal-delivery,/countries/uae/best-vegetarian-meal-delivery/,2,FITT Meals | Eat Clean ME,"Vegetarian, vegan, flexitarian, and plant-based shoppers",generated
country,UAE,uae,weight-loss meal delivery,best-weight-loss-meal-delivery,/countries/uae/best-weight-loss-meal-delivery/,7,Right Bite | Delicut | Meals on Me | Hello Chef | Basiligo | FITT Meals,People comparing calorie-controlled plans,generated
country,United Kingdom,uk,cheap meal delivery,best-cheap-meal-delivery,/countries/uk/best-cheap-meal-delivery/,3,SimplyCook | pREP UK | Oddbox,Budget-conscious shoppers comparing cost and first-box deals,generated
country,United Kingdom,uk,diet meal delivery,best-diet-meal-delivery,/countries/uk/best-diet-meal-delivery/,7,Green Chef UK | Field Doctor | Balance Box | Wiltshire Farm Foods | Kirsty's | Love Yourself,People with a diet goal or nutrition constraint,generated
country,United Kingdom,uk,family meal delivery,best-family-meal-delivery,/countries/uk/best-family-meal-delivery/,18,SimplyCook | Riverford | Pasta Evangelists | Planty | COOK | DabbaDrop,Parents and households that need easier weeknight dinners,generated
country,United Kingdom,uk,frozen meal delivery,best-frozen-meal-delivery,/countries/uk/best-frozen-meal-delivery/,13,Field Doctor | Planty | COOK | Wiltshire Farm Foods | Oakhouse Foods | Apetito UK,People who want freezer-ready backup meals,generated
country,United Kingdom,uk,grocery dinner delivery,best-grocery-dinner-delivery,/countries/uk/best-grocery-dinner-delivery/,20,Gousto | Green Chef UK | Mindful Chef | SimplyCook | Riverford | Wiltshire Farm Foods,People comparing grocery-led dinner planning and recipe boxes,generated
country,United Kingdom,uk,healthy meal delivery,best-healthy-meal-delivery,/countries/uk/best-healthy-meal-delivery/,40,HelloFresh UK | Green Chef UK | Mindful Chef | Prep Kitchen | Tastily | Fuel Hub,"People looking for balanced, fresher, healthier convenience meals",generated
country,United Kingdom,uk,high-protein meal prep,best-high-protein-meal-prep,/countries/uk/best-high-protein-meal-prep/,50,Prep Kitchen | Fuel Hub | The Good Prep | Calo UK | The Cookaway | Field Doctor,"Gym-goers, busy professionals, and macro-focused shoppers",generated
country,United Kingdom,uk,meal kits,best-meal-kits,/countries/uk/best-meal-kits/,16,HelloFresh UK | Gousto | Green Chef UK | Mindful Chef | Planthood | SimplyCook,People who want ingredients and recipes delivered,generated
country,United Kingdom,uk,prepared meal delivery,best-prepared-meal-delivery,/countries/uk/best-prepared-meal-delivery/,74,Mindful Chef | Prep Kitchen | Tastily | Fuel Hub | The Good Prep | Calo UK,People who want dinner without cooking,generated
country,United Kingdom,uk,vegetarian meal delivery,best-vegetarian-meal-delivery,/countries/uk/best-vegetarian-meal-delivery/,11,Green Chef UK | Planthood | Planty | Grubby | DabbaDrop | Foodhak,"Vegetarian, vegan, flexitarian, and plant-based shoppers",generated
country,United Kingdom,uk,weight-loss meal delivery,best-weight-loss-meal-delivery,/countries/uk/best-weight-loss-meal-delivery/,7,Green Chef UK | Fuel Hub | Field Doctor | Balance Box | Wiltshire Farm Foods | Love Yourself,People comparing calorie-controlled plans,generated
country,United States,us,cheap meal delivery,best-cheap-meal-delivery,/countries/us/best-cheap-meal-delivery/,9,EveryPlate | Dinnerly | Clean Eatz Kitchen | Marley Spoon | My Fit Foods | Misfits Market,Budget-conscious shoppers comparing cost and first-box deals,generated
country,United States,us,diet meal delivery,best-diet-meal-delivery,/countries/us/best-diet-meal-delivery/,60,Tempo by Home Chef | Hungryroot | Trifecta | Epicured | Green Chef | Territory Foods,People with a diet goal or nutrition constraint,generated
country,United States,us,family meal delivery,best-family-meal-delivery,/countries/us/best-family-meal-delivery/,77,EveryPlate | Dinnerly | Tempo by Home Chef | Hungryroot | Mosaic Foods | Marley Spoon,Parents and households that need easier weeknight dinners,generated
country,United States,us,frozen meal delivery,best-frozen-meal-delivery,/countries/us/best-frozen-meal-delivery/,39,Mosaic Foods | Daily Harvest | Magic Kitchen | Amy's Kitchen | Saffron Road | Deep Indian Kitchen,People who want freezer-ready backup meals,generated
country,United States,us,grocery dinner delivery,best-grocery-dinner-delivery,/countries/us/best-grocery-dinner-delivery/,51,Hungryroot | Mom's Meals | Blue Apron | Marley Spoon | Gobble | Tiny Organics,People comparing grocery-led dinner planning and recipe boxes,generated
country,United States,us,healthy meal delivery,best-healthy-meal-delivery,/countries/us/best-healthy-meal-delivery/,156,HelloFresh | Tempo by Home Chef | Hungryroot | Mosaic Foods | Trifecta | Epicured,"People looking for balanced, fresher, healthier convenience meals",generated
country,United States,us,high-protein meal prep,best-high-protein-meal-prep,/countries/us/best-high-protein-meal-prep/,115,Tempo by Home Chef | Trifecta | FlexPro Meals | Clean Eatz Kitchen | Mom's Meals | Metabolic Meals,"Gym-goers, busy professionals, and macro-focused shoppers",generated
country,United States,us,meal kits,best-meal-kits,/countries/us/best-meal-kits/,17,HelloFresh | Home Chef | EveryPlate | Dinnerly | Hungryroot | Green Chef,People who want ingredients and recipes delivered,generated
country,United States,us,prepared meal delivery,best-prepared-meal-delivery,/countries/us/best-prepared-meal-delivery/,192,Factor | CookUnity | Tempo by Home Chef | Mosaic Foods | Trifecta | FlexPro Meals,People who want dinner without cooking,generated
country,United States,us,vegetarian meal delivery,best-vegetarian-meal-delivery,/countries/us/best-vegetarian-meal-delivery/,26,Mosaic Foods | Purple Carrot | Gobble | Daily Harvest | Sakara | Thistle,"Vegetarian, vegan, flexitarian, and plant-based shoppers",generated
country,United States,us,weight-loss meal delivery,best-weight-loss-meal-delivery,/countries/us/best-weight-loss-meal-delivery/,55,Tempo by Home Chef | Hungryroot | Trifecta | Epicured | Green Chef | Blue Apron,People comparing calorie-controlled plans,generated
